row_id,order_id,customer_id,sales
2698,CA-2014-145317,SM-20320,22638.48
6827,CA-2016-118689,TC-20980,17499.95
8154,CA-2017-140151,RB-19360,13999.96
2624,CA-2017-127180,TA-21385,11199.97
4191,CA-2017-166709,HL-15040,10499.97
9040,CA-2016-117121,AB-10105,9892.74
4099,CA-2014-116904,SC-20095,9449.95
4278,US-2016-107440,BS-11365,9099.93
8489,CA-2016-158841,SE-20110,8749.95
6426,CA-2016-143714,CC-12370,8399.98
2506,CA-2014-143917,KL-16645,8187.65
166,CA-2014-139892,BM-11140,8159.95
684,US-2017-168116,GT-14635,7999.98
6627,CA-2014-145541,TB-21400,6999.96
510,CA-2015-145352,CM-12385,6354.95
6521,CA-2017-138289,AR-10540,5443.96
7667,US-2016-140158,DR-12940,5399.91
6341,CA-2017-143112,TS-21370,5199.96
8859,CA-2017-135909,JW-15220,5083.96
5885,CA-2016-136301,EH-13765,4912.59
1086,US-2016-143819,KD-16270,4899.93
8991,US-2015-128587,HM-14860,4899.93
4219,CA-2017-149881,NC-18535,4799.98
1804,CA-2017-158379,JA-15970,4663.74
8205,CA-2015-114811,KD-16495,4643.8
2493,CA-2014-144624,JM-15865,4548.81
7819,CA-2016-138478,DP-13390,4535.98
7773,CA-2016-108196,CS-12505,4499.99
9166,CA-2016-100300,MJ-17740,4476.8
7244,CA-2017-118892,TP-21415,4416.17
9742,CA-2015-117086,QJ-19255,4404.9
4298,CA-2017-129021,PO-18850,4367.9
354,CA-2016-129714,AB-10060,4355.17
9271,US-2017-102183,PK-19075,4305.55
9640,CA-2015-116638,JH-15985,4297.64
5918,US-2015-126977,PF-19120,4228.7
3281,CA-2014-102988,GM-14695,4164.05
6621,US-2017-167402,CP-12085,4164.05
6015,CA-2016-159016,KF-16285,4158.91
6536,CA-2014-128209,GT-14710,4007.84
2183,CA-2016-128818,CJ-12010,3999.95
319,CA-2014-164973,NM-18445,3991.98
5199,CA-2016-103982,AA-10315,3930.07
7684,CA-2015-120782,SD-20485,3812.97
9426,CA-2014-116246,LW-17215,3785.29
1247,CA-2014-168494,NP-18700,3610.85
5171,CA-2016-122903,LA-16780,3504.9
7584,CA-2014-163223,KH-16690,3499.93
9650,CA-2016-107104,MS-17365,3406.66
7915,CA-2017-165323,SR-20740,3404.5
9858,CA-2015-164301,EB-13840,3393.68
3274,CA-2017-133865,PS-19045,3359.95
8101,CA-2016-169663,RH-19510,3357.6
252,CA-2016-145625,KC-16540,3347.37
6818,CA-2014-144414,GH-14425,3266.38
1645,CA-2015-111829,FH-14365,3149.93
28,US-2015-150630,TB-21520,3083.43
4094,CA-2015-102491,KW-16435,3080.0
263,US-2014-106992,SB-20290,3059.98
978,CA-2017-159366,BW-11110,3059.98
8750,US-2015-163825,LC-16885,3050.38
1455,CA-2016-133711,MC-17425,3040.0
9661,CA-2016-160717,ME-17320,3023.93
516,CA-2017-127432,AD-10180,2999.95
5563,CA-2017-133263,JE-15610,2999.95
8103,CA-2015-149846,SB-20185,2973.32
8313,US-2017-105935,BD-11500,2939.93
3071,CA-2014-119375,YC-21895,2934.33
6100,CA-2017-100111,SV-20365,2888.13
6869,US-2016-126452,SC-20230,2887.06
4620,CA-2017-145219,RM-19675,2879.95
1792,CA-2014-120474,RP-19390,2807.84
8237,CA-2017-102204,CJ-12010,2803.92
9413,CA-2015-164777,SC-20305,2803.92
3056,US-2015-100377,TS-21370,2799.96
3984,CA-2016-135265,CC-12370,2799.96
5127,CA-2014-160766,DM-13015,2799.96
9930,CA-2016-129630,IM-15055,2799.96
5711,US-2015-160857,NW-18400,2799.94
6210,CA-2017-119809,YS-21880,2793.53
488,CA-2014-154627,SA-20830,2735.95
995,CA-2014-117639,MW-18235,2715.93
2849,CA-2017-157854,DM-13345,2690.97
8469,US-2016-164196,AS-10285,2678.94
8893,CA-2015-111038,LC-16960,2676.67
2568,CA-2017-123967,SF-20200,2665.62
7580,CA-2015-123113,AT-10735,2625.12
4129,CA-2014-127299,JL-15835,2624.99
9057,CA-2015-160227,ED-13885,2621.32
3987,CA-2017-112333,KF-16285,2591.56
1806,US-2016-116729,GK-14620,2575.94
7475,CA-2014-167199,ME-17320,2573.82
6885,CA-2015-120677,BD-11320,2567.84
8272,CA-2016-169670,JE-15715,2563.06
3012,CA-2017-134845,SR-20425,2549.99
6011,CA-2015-135580,CL-12565,2548.56
7281,CA-2015-162782,PW-19240,2541.98
264,US-2014-106992,SB-20290,2519.96
7938,CA-2017-166093,RW-19540,2518.29
3444,CA-2017-168858,JD-16150,2504.74
5531,CA-2017-160885,JK-16090,2479.96
1439,CA-2015-139731,JE-15745,2453.43
3581,CA-2016-104157,MT-17815,2430.08
9949,CA-2017-121559,HW-14935,2405.2
4866,CA-2017-122490,TT-21070,2404.7
6902,US-2017-135013,HR-14830,2399.96
7174,US-2017-141677,HK-14890,2399.96
2625,CA-2017-127180,TA-21385,2399.6
2419,CA-2016-107202,LC-16930,2396.4
400,CA-2016-108987,AG-10675,2396.27
3570,CA-2017-168109,JK-15640,2395.2
5991,US-2017-163300,ES-14020,2357.49
5627,CA-2014-126683,PP-18955,2348.82
5007,CA-2015-169796,Dp-13240,2321.9
5321,US-2017-162558,Dp-13240,2314.12
1002,CA-2015-124891,RH-19495,2309.65
6117,US-2016-113677,CM-12655,2279.96
5301,CA-2016-113831,AH-10690,2275.5
6102,CA-2017-100111,SV-20365,2254.41
4882,CA-2017-143567,TB-21175,2249.91
7488,US-2015-134558,PM-19135,2249.91
1156,CA-2014-136567,PS-19045,2244.48
8700,CA-2017-119284,TS-21205,2239.94
9775,CA-2014-169019,LF-17185,2177.58
8425,CA-2017-150091,NP-18670,2154.9
6535,CA-2014-128209,GT-14710,2152.78
8681,CA-2016-143805,JD-15895,2104.55
6468,CA-2016-163804,DB-13270,2079.4
950,US-2017-110576,RB-19795,2065.32
3629,CA-2014-169726,JH-15985,2060.74
3044,CA-2017-149559,KF-16285,2054.27
8169,CA-2017-107174,AB-10060,2036.86
9616,CA-2014-128524,MZ-17515,2033.58
3151,CA-2015-147830,NF-18385,2025.36
9491,CA-2017-111738,CM-12385,2022.27
5919,US-2015-126977,PF-19120,2003.92
6880,CA-2015-137113,TW-21025,2003.92
3771,CA-2016-155530,CM-12160,2003.52
8270,CA-2017-121790,LP-17095,2003.17
245,CA-2014-131926,DW-13480,2001.86
5757,CA-2014-163748,HG-15025,1999.96
6528,CA-2016-157791,CA-11965,1999.96
807,CA-2014-134313,RA-19915,1983.97
1445,CA-2016-133725,KL-16645,1979.93
2661,CA-2017-123372,DG-13300,1979.89
5302,CA-2016-113831,AH-10690,1979.7
150,CA-2016-114489,JE-16165,1951.84
1220,US-2017-118087,SP-20620,1931.96
1702,CA-2015-114069,ND-18370,1931.04
911,CA-2017-137596,BE-11335,1928.78
8891,CA-2016-147256,FC-14245,1927.59
9948,CA-2017-121559,HW-14935,1925.88
2768,CA-2017-167752,RW-19690,1924.16
2710,CA-2015-121797,CC-12145,1919.98
3299,CA-2017-136308,MW-18235,1919.98
6882,CA-2015-137113,TW-21025,1913.4
4992,US-2017-122714,HG-14965,1889.99
7510,US-2017-161935,JL-15835,1889.95
2549,US-2015-128090,JM-15865,1879.96
7133,CA-2017-141439,TT-21460,1879.96
8994,CA-2017-159100,VP-21760,1875.26
7847,CA-2015-125976,JK-15205,1871.88
7330,US-2014-131275,SC-20050,1856.19
1434,CA-2014-120768,IM-15070,1819.86
4429,CA-2017-119452,CL-12565,1805.88
2535,US-2017-117723,DL-13495,1801.63
4056,CA-2014-122931,SM-20950,1801.63
5186,CA-2015-134719,JD-15790,1801.63
3152,CA-2015-147830,NF-18385,1799.99
393,US-2014-135972,JG-15115,1799.97
8800,CA-2014-116666,KT-16480,1799.97
3385,CA-2015-130659,MS-17365,1799.75
1897,CA-2017-141789,AC-10450,1793.98
4861,CA-2016-101546,GK-14620,1793.98
9034,CA-2014-152268,SC-20095,1793.98
5067,CA-2017-142090,SC-20380,1781.68
7766,US-2017-118941,BB-11545,1779.9
6632,CA-2016-105081,JE-15715,1747.25
168,CA-2014-139892,BM-11140,1740.06
6296,CA-2014-141313,AJ-10780,1737.18
1757,CA-2015-135622,TT-21460,1718.4
11,CA-2014-115812,BH-11710,1706.18
3296,CA-2017-113418,CM-12655,1704.89
1251,CA-2017-115602,DJ-13630,1704.56
1712,CA-2017-123491,JK-15205,1702.12
6176,CA-2015-158421,GB-14575,1690.04
3571,CA-2017-168109,JK-15640,1687.8
7680,CA-2014-133592,KM-16375,1687.8
7115,US-2016-102239,LW-16990,1685.88
3892,US-2016-163881,SP-20860,1684.75
8452,CA-2014-131387,AI-10855,1679.96
9368,CA-2014-108147,RD-19480,1676.88
7998,US-2017-105998,CR-12580,1673.18
1517,CA-2017-148446,MC-17845,1669.6
3589,CA-2017-158729,AC-10450,1665.62
722,CA-2016-142335,MP-17965,1652.94
6877,US-2016-121013,MM-17920,1652.94
5426,CA-2016-153598,NM-18520,1649.95
8302,US-2017-167318,GZ-14545,1649.95
9514,CA-2016-125220,BE-11410,1649.75
5435,CA-2015-160171,RM-19675,1640.7
6839,CA-2017-107517,FC-14335,1640.7
2929,US-2017-120390,TH-21550,1633.19
3184,CA-2017-152912,BM-11650,1633.14
2861,CA-2017-138975,SC-20380,1628.82
9636,CA-2014-151330,TC-21295,1628.82
7085,CA-2017-118724,AR-10825,1626.19
2392,US-2015-127040,SG-20605,1619.91
1014,US-2015-126214,JS-15880,1618.37
7899,CA-2017-128363,DC-12850,1614.58
2021,CA-2016-168354,RH-19510,1606.23
4209,CA-2014-145387,AM-10705,1604.9
2857,CA-2016-128594,DJ-13510,1603.14
5870,CA-2016-152247,MA-17995,1603.14
4640,CA-2016-102162,JF-15565,1599.92
4356,CA-2015-155600,RO-19780,1598.06
9494,CA-2016-105207,BO-11350,1592.85
9404,CA-2016-105459,NP-18700,1591.02
2057,CA-2017-120376,TP-21130,1586.69
2358,US-2014-148838,CP-12340,1579.75
3567,CA-2017-103877,RD-19660,1577.94
9274,CA-2017-146983,AH-10210,1577.94
4137,CA-2017-105914,PV-18985,1575.14
1546,CA-2014-150245,PC-18745,1573.49
7687,CA-2016-169838,BB-11545,1568.61
6851,US-2016-100461,JO-15145,1565.88
9149,US-2016-165505,CB-12535,1564.29
8454,CA-2016-125087,TH-21115,1554.94
2354,CA-2015-111514,SC-20260,1552.83
7650,CA-2015-101889,DB-13120,1548.99
6114,CA-2016-124590,SP-20920,1537.07
2942,CA-2017-155880,JD-16150,1526.56
5311,CA-2017-131254,NC-18415,1525.19
6559,CA-2015-166947,EB-13750,1522.64
5189,CA-2015-115567,ZC-21910,1516.2
9222,CA-2017-103212,MH-18025,1504.52
248,CA-2014-131926,DW-13480,1503.25
5017,CA-2014-153850,TH-21100,1502.38
9674,CA-2016-114867,FM-14290,1499.97
7473,CA-2016-139997,EM-14140,1499.95
7815,US-2017-109316,MG-17680,1497.67
5613,CA-2017-121027,HW-14935,1496.16
378,US-2017-134481,AR-10405,1488.42
5813,US-2015-163279,JD-16150,1487.98
4378,CA-2014-166954,BT-11305,1487.04
7526,CA-2014-125731,CL-12565,1487.04
5460,CA-2017-116680,PK-19075,1478.27
6111,CA-2016-124590,SP-20920,1474.8
9187,CA-2017-156776,JL-15505,1473.1
6235,US-2017-142188,JF-15415,1471.96
3828,CA-2017-141733,RW-19540,1458.65
8563,CA-2016-123540,DJ-13420,1454.9
2190,CA-2017-143063,IL-15100,1454.49
5764,CA-2015-162047,FH-14365,1448.82
2756,CA-2015-155306,GA-14515,1447.65
3591,CA-2017-146535,FM-14290,1443.96
1812,CA-2014-132612,FO-14305,1441.3
1834,CA-2017-162691,AS-10045,1439.98
1987,CA-2016-147417,CB-12415,1439.98
6201,CA-2015-146675,SB-20185,1439.97
8925,CA-2016-168032,DF-13135,1439.97
1831,CA-2017-145884,SL-20155,1439.92
9198,CA-2014-103310,GM-14680,1432.0
3940,US-2016-143448,MH-17455,1424.9
3481,CA-2016-131289,SP-20620,1421.66
6640,CA-2014-108609,AJ-10780,1421.66
7453,CA-2017-105669,SJ-20125,1415.76
3427,CA-2015-153381,DE-13255,1408.1
2559,CA-2015-147788,TM-21010,1406.86
6918,CA-2014-124247,SH-20635,1403.92
9760,CA-2016-146913,SF-20965,1403.92
7521,US-2017-167920,JL-15835,1399.98
2573,CA-2016-155845,CM-12235,1399.94
815,CA-2017-143686,PJ-19015,1399.93
2299,CA-2015-113145,VD-21670,1399.93
5796,CA-2014-124856,LD-17005,1395.54
1977,CA-2014-110408,AS-10225,1394.95
1023,CA-2015-124450,GT-14710,1379.92
8209,CA-2015-141565,BG-11035,1369.76
8633,CA-2016-107783,OT-18730,1369.76
5162,CA-2014-111192,TS-21430,1367.84
793,CA-2016-105256,JK-15730,1363.96
1047,CA-2016-169103,ZC-21910,1363.96
6765,CA-2016-144764,RL-19615,1362.9
3800,CA-2017-147760,KL-16555,1359.96
5056,CA-2015-141243,AH-10465,1352.4
7649,CA-2016-138968,FC-14335,1352.03
7194,CA-2016-110492,JS-15880,1350.12
9399,CA-2014-125997,MW-18220,1349.91
2603,CA-2016-165848,EN-13780,1349.85
2540,CA-2015-113404,EM-13810,1348.7
4520,CA-2017-107167,ND-18460,1347.52
6049,CA-2015-105571,CP-12340,1345.49
413,CA-2017-117457,KH-16510,1336.83
7388,CA-2016-105732,AG-10270,1336.44
558,CA-2016-113243,OT-18730,1335.68
4459,CA-2017-105851,SE-20110,1332.5
2674,CA-2014-126403,RR-19525,1325.85
4938,CA-2014-157147,BD-11605,1325.85
5560,US-2015-114741,IL-15100,1325.85
4988,CA-2016-149279,CL-12700,1325.76
5639,CA-2014-154893,GM-14440,1325.76
8010,CA-2015-110863,AA-10645,1323.9
1181,CA-2014-128146,DB-13060,1322.93
2478,CA-2017-102750,GM-14695,1322.35
5517,US-2016-138408,KC-16255,1319.96
7228,CA-2017-127397,ES-14080,1319.8
5142,CA-2016-111213,FP-14320,1317.49
7647,US-2014-115196,DL-12925,1299.99
6101,CA-2017-100111,SV-20365,1299.66
811,CA-2014-151995,ZC-21910,1298.55
7607,CA-2016-101791,BS-11665,1297.37
2114,CA-2015-164882,SG-20080,1295.84
555,CA-2017-100650,DK-13225,1295.78
8799,US-2016-150140,VM-21685,1294.75
5871,CA-2016-128223,EB-13705,1293.49
2655,CA-2017-112515,AS-10225,1292.94
3371,CA-2016-134887,TB-21280,1287.45
8587,CA-2017-162015,KB-16240,1287.45
8735,CA-2017-116988,PW-19030,1287.45
1954,CA-2017-157987,AC-10615,1282.41
7329,US-2014-131275,SC-20050,1279.97
4454,CA-2016-147137,AA-10645,1279.17
464,CA-2016-109869,TN-21040,1272.63
8761,CA-2016-159891,BF-11170,1270.99
4941,CA-2015-156482,IL-15100,1268.82
2988,CA-2016-139269,JB-16045,1267.65
1022,CA-2015-124450,GT-14710,1267.53
8232,CA-2016-162355,PF-19165,1266.86
1626,CA-2015-157084,JG-15160,1265.85
4890,CA-2016-163167,RF-19345,1263.3
7066,CA-2014-106726,RS-19765,1261.33
4391,CA-2017-111556,CD-11920,1259.97
3733,CA-2015-109575,KH-16630,1259.93
5632,CA-2014-127614,NF-18385,1256.22
8181,CA-2015-119879,SS-20410,1252.7
1644,CA-2015-111829,FH-14365,1247.64
6505,CA-2017-128265,VW-21775,1247.64
1837,CA-2017-122693,NH-18610,1245.86
881,CA-2017-111689,HP-14815,1242.9
820,CA-2014-140858,CA-12775,1228.47
8782,CA-2015-133585,CM-12715,1228.0
4116,CA-2016-163573,AC-10450,1219.96
2610,CA-2014-127446,MC-17590,1218.74
1583,CA-2015-131338,NP-18325,1217.57
8833,CA-2015-153423,SW-20455,1217.57
5927,US-2014-118997,RA-19885,1215.92
5150,CA-2014-141796,JG-15160,1214.85
2258,CA-2017-105214,TS-21610,1212.96
9429,CA-2014-152100,VW-21775,1212.96
1487,CA-2015-140410,CM-12655,1212.85
7633,US-2017-158526,KH-16360,1207.84
3485,CA-2014-124688,CC-12610,1202.94
407,CA-2017-117457,KH-16510,1199.98
596,CA-2014-131450,LR-16915,1199.98
754,CA-2016-110499,YC-21895,1199.98
4813,CA-2016-121370,EB-14110,1199.98
7698,CA-2017-151799,BF-11170,1199.98
6063,CA-2015-111780,RA-19285,1199.96
910,CA-2017-137596,BE-11335,1199.8
6152,CA-2014-111871,EK-13795,1198.33
7459,CA-2015-137974,LL-16840,1196.86
5652,CA-2017-142342,AJ-10795,1194.17
216,CA-2015-146262,VW-21775,1188.0
7841,US-2014-137869,CV-12295,1184.72
3588,CA-2017-121839,MH-18115,1169.69
991,CA-2015-153549,SL-20155,1166.92
6271,CA-2017-102379,BB-11545,1159.06
5772,CA-2015-103835,SC-20440,1158.12
6989,CA-2017-158561,BB-11545,1158.12
2221,CA-2017-130841,MH-17620,1145.6
1250,CA-2017-115602,DJ-13630,1141.94
870,CA-2016-158099,PK-18910,1141.47
2841,US-2014-125521,CK-12325,1139.92
2484,CA-2017-126067,KN-16705,1137.75
5867,US-2014-117968,RS-19420,1133.35
8784,CA-2016-116911,JD-16150,1128.39
1828,CA-2016-109344,CH-12070,1127.98
519,CA-2017-127432,AD-10180,1126.02
4889,CA-2016-163167,RF-19345,1126.02
9566,CA-2014-130428,TG-21640,1125.49
3119,CA-2015-121720,JE-15610,1123.92
9144,US-2017-166688,RD-19480,1123.13
552,CA-2016-136406,BD-11320,1121.57
2274,CA-2015-142944,JL-15850,1119.98
8936,CA-2017-130036,BP-11185,1119.89
2511,CA-2016-136812,AW-10930,1117.92
4727,CA-2014-119151,MP-18175,1117.92
4897,CA-2016-135776,EH-13765,1117.92
6688,CA-2015-165162,HG-15025,1117.92
2405,CA-2017-108574,MG-18145,1115.91
9060,CA-2016-132304,AR-10825,1115.17
282,US-2015-161991,SC-20725,1114.4
943,CA-2016-142958,RW-19630,1114.27
1049,CA-2014-139192,LC-16885,1113.5
68,CA-2014-106376,BS-11590,1113.02
9173,US-2016-155768,LB-16795,1112.94
1082,CA-2015-110016,BT-11395,1106.91
4284,CA-2014-103100,AB-10105,1103.97
2477,CA-2016-114972,PF-19225,1101.48
1253,CA-2015-154956,IM-15070,1099.96
9430,CA-2015-166219,BP-11185,1099.96
5926,CA-2017-150420,GD-14590,1099.5
36,CA-2016-117590,GH-14485,1097.54
9505,CA-2016-113607,PW-19030,1091.93
3392,CA-2014-166471,MG-17650,1091.17
9235,CA-2016-126732,LR-16915,1091.17
1003,CA-2015-124891,RH-19495,1090.78
1376,CA-2014-126361,VD-21670,1089.75
5729,CA-2017-117324,JP-15520,1089.75
1200,CA-2016-130946,ZC-21910,1088.79
2819,CA-2015-104626,DR-12940,1088.76
9926,CA-2015-159534,DH-13075,1087.94
3787,CA-2016-144218,JD-15895,1085.42
8275,CA-2017-164112,ND-18460,1085.42
9867,US-2015-116981,SM-20950,1085.42
300,CA-2016-142545,JD-15895,1082.48
9713,CA-2014-114251,MD-17350,1080.1
8124,CA-2014-138128,FP-14320,1079.98
9579,CA-2017-152975,RB-19705,1079.85
9289,US-2017-165456,TB-21625,1079.32
2794,CA-2014-154599,KN-16450,1075.09
2359,US-2014-148838,CP-12340,1071.58
9408,CA-2017-162789,LC-17140,1071.0
1127,US-2014-147627,HL-15040,1067.94
6845,CA-2016-123946,AJ-10795,1059.12
3819,CA-2015-102582,NW-18400,1056.86
8555,CA-2016-102092,PM-18940,1056.86
7489,US-2015-134558,PM-19135,1053.16
3834,CA-2014-105984,MY-18295,1049.97
5684,CA-2014-164315,RD-19585,1049.93
6576,CA-2017-123085,EJ-13720,1049.44
639,CA-2016-115917,RB-19465,1049.2
4247,CA-2017-117702,LS-16975,1049.2
1728,US-2017-164056,FM-14215,1048.35
25,CA-2015-106320,EB-13870,1044.63
1563,US-2017-102890,SG-20470,1044.63
370,CA-2016-155516,MK-17905,1043.92
5616,CA-2016-158001,JP-15460,1040.8
6364,CA-2017-110443,CK-12205,1039.99
7770,CA-2016-155978,TS-21205,1039.73
283,CA-2015-130890,JO-15280,1038.84
3125,CA-2015-121720,JE-15610,1036.62
7456,CA-2016-137743,KH-16360,1036.62
8478,CA-2015-145758,BF-11020,1035.8
55,CA-2016-105816,JM-15265,1029.95
5395,US-2014-123183,GR-14560,1025.88
1464,CA-2016-152289,LC-16930,1024.72
1989,CA-2015-127509,AS-10090,1024.38
374,US-2014-119137,AG-10900,1023.94
9788,CA-2017-144491,CJ-12010,1023.33
3045,CA-2015-135174,BP-11230,1022.97
1670,US-2015-157154,MM-17920,1018.1
2240,CA-2016-146633,TG-21310,1016.79
3769,CA-2014-153913,KB-16585,1013.83
2877,US-2016-167339,TD-20995,1013.49
7082,CA-2016-106950,JE-15715,1012.68
437,CA-2016-147375,PO-19180,1007.98
6579,CA-2014-103660,MW-18220,1007.94
949,US-2017-110576,RB-19795,1007.23
1631,CA-2016-106530,CL-12565,1006.06
1506,CA-2015-153388,PC-19000,1004.98
409,CA-2017-117457,KH-16510,1004.02
2482,CA-2017-147956,AH-10210,1003.62
5157,CA-2017-163006,GH-14410,1001.58
6908,CA-2016-140249,SW-20455,1001.58
1614,CA-2017-138380,YS-21880,1000.02
6211,CA-2017-119809,YS-21880,1000.02
4073,CA-2015-156104,NP-18685,999.98
8179,CA-2016-166429,TG-21310,999.98
2814,CA-2015-135685,MP-18175,999.96
660,CA-2015-146563,CB-12025,999.43
8573,CA-2014-121629,BT-11680,998.85
9943,CA-2014-143371,MD-17350,998.82
2142,CA-2014-159520,GT-14635,991.76
3824,CA-2015-140984,CC-12685,991.2
7251,CA-2015-158491,BP-11155,989.97
3078,CA-2014-143903,KM-16375,981.37
534,CA-2016-168753,RL-19615,979.95
1586,CA-2015-131338,NP-18325,979.95
7320,CA-2017-100097,MN-17935,979.95
9728,CA-2017-167395,KM-16720,979.95
4069,CA-2014-102673,KH-16630,978.84
1493,CA-2017-166436,TS-21370,977.29
4851,CA-2014-107818,MC-17275,975.92
4881,CA-2017-143567,TB-21175,975.92
6439,US-2017-113992,LC-16885,974.99
7150,CA-2015-166583,VD-21670,971.88
4402,CA-2016-131737,GZ-14470,971.5
8569,CA-2016-162390,DP-13105,968.74
5291,CA-2014-146283,KT-16465,966.7
4442,US-2016-111290,DK-13375,965.85
3146,CA-2017-131828,CS-11845,963.14
6487,CA-2015-120621,JW-16075,962.08
289,CA-2016-112697,AH-10195,961.48
336,CA-2015-137946,DB-13615,959.98
5569,CA-2017-157966,SU-20665,959.98
8821,CA-2017-100622,DK-13090,959.98
2898,US-2016-164630,EB-13975,959.97
4,US-2015-108966,SO-20335,957.58
2404,US-2016-110170,HM-14860,956.66
4267,US-2016-131611,EP-13915,956.66
4720,CA-2015-142601,DE-13255,947.17
9232,CA-2014-148383,RP-19390,946.76
1417,CA-2015-126697,SV-20815,946.34
5727,CA-2015-110548,AH-10690,946.34
6431,CA-2014-165764,SH-20395,945.04
160,CA-2016-114104,NP-18670,944.93
8772,CA-2017-115882,DB-13555,942.78
8950,CA-2017-150910,JL-15130,934.96
1980,CA-2016-112669,KT-16465,933.54
8413,CA-2017-132290,MD-17350,933.41
8236,CA-2017-102204,CJ-12010,933.26
3218,CA-2017-104640,FH-14275,931.18
7531,US-2017-106145,RA-19885,931.18
662,CA-2015-146563,CB-12025,918.79
4496,CA-2017-112753,CC-12670,917.92
6290,US-2015-139675,NF-18595,915.14
7873,CA-2016-101672,DB-12910,915.14
2596,CA-2017-149048,BM-11650,914.97
4386,US-2015-122784,RA-19915,913.43
8363,CA-2017-147207,TS-21655,913.43
1375,CA-2015-120362,CA-12265,912.75
3838,CA-2014-126760,KM-16720,911.98
12,CA-2014-115812,BH-11710,911.42
4495,CA-2014-150798,JK-15730,909.72
1906,CA-2017-154410,MD-17860,909.12
7184,CA-2017-128853,JM-15250,908.82
8,CA-2014-115812,BH-11710,907.15
7545,US-2017-112347,BS-11380,906.68
3007,CA-2017-116519,CR-12730,904.9
4595,CA-2016-129868,MC-18130,902.71
8370,CA-2016-118745,SV-20365,902.71
4401,CA-2016-131737,GZ-14470,901.95
8395,CA-2016-142594,EJ-14155,901.95
2016,CA-2016-145905,AM-10705,900.08
3505,CA-2016-150945,JK-16120,900.08
9618,CA-2017-160633,BS-11380,899.98
3705,CA-2015-104941,DH-13075,899.97
5342,CA-2015-146486,DV-13465,899.95
461,CA-2015-109638,JH-15985,899.91
5726,CA-2015-103933,DR-12880,899.91
6408,CA-2017-161774,GT-14710,899.43
9348,CA-2017-109085,CK-12325,899.43
190,CA-2015-102281,MP-17470,899.14
1368,US-2017-155425,AB-10600,899.14
4929,CA-2017-143245,AD-10180,897.15
3325,CA-2014-165309,KD-16270,896.99
9735,CA-2014-114321,NC-18535,896.99
4292,CA-2017-102407,AT-10435,896.33
9834,CA-2017-130302,CY-12745,895.94
1920,US-2017-111423,EH-13765,895.92
2120,CA-2017-155460,RW-19630,895.92
2994,CA-2017-147291,MJ-17740,895.92
4708,CA-2017-138149,WB-21850,895.92
2290,CA-2017-115154,RS-19420,892.98
8055,CA-2015-121188,CB-12025,892.35
1191,CA-2017-117212,BT-11530,892.22
7646,CA-2015-161452,CA-11965,892.22
7058,CA-2016-165330,WB-21850,892.14
7306,CA-2014-137274,MG-18145,890.84
1190,CA-2017-117212,BT-11530,889.54
6184,CA-2015-158421,GB-14575,887.84
7594,CA-2016-158778,DB-13210,887.27
9118,CA-2017-153045,NS-18505,887.27
4251,CA-2014-168130,BS-11365,887.1
5883,CA-2016-133935,JW-15220,885.53
709,CA-2014-112158,DP-13165,883.92
2660,CA-2015-135538,HR-14830,883.84
6709,CA-2015-123141,GZ-14470,883.84
2202,US-2014-165659,LT-17110,881.93
9250,CA-2016-127761,SW-20275,881.93
3750,CA-2017-161956,DR-12880,879.98
3825,CA-2015-140984,CC-12685,879.98
7784,CA-2016-162236,ER-13855,876.3
1469,CA-2017-139199,DK-12835,872.94
7691,US-2017-128951,RS-19420,872.94
2024,CA-2016-168354,RH-19510,872.32
6566,CA-2014-166086,CT-11995,872.32
6474,CA-2016-113292,DB-13060,871.8
4270,US-2017-124821,AM-10705,871.4
2521,CA-2016-124352,CD-12790,868.59
7397,CA-2016-110975,DB-12970,866.65
425,CA-2017-155705,NF-18385,866.4
5754,CA-2016-118514,LC-17050,866.4
4683,CA-2016-127698,MV-18190,863.93
1261,CA-2017-117079,JR-15700,863.88
1923,CA-2016-156685,SC-20230,863.64
4265,US-2016-131611,EP-13915,863.13
8168,CA-2016-144148,AH-10690,863.13
6930,CA-2016-140382,RD-19900,862.34
7953,CA-2015-145814,KD-16345,861.76
3996,CA-2015-105627,DK-12895,860.93
5506,CA-2017-127782,TH-21115,859.2
6041,CA-2017-122364,FA-14230,859.2
9332,CA-2016-108056,ES-14080,859.2
2641,CA-2017-108441,SB-20170,858.24
8915,US-2016-144057,CV-12805,856.66
1031,CA-2014-163552,LA-16780,854.94
1203,CA-2016-114727,LS-16945,854.35
4023,CA-2014-154963,AA-10645,853.93
8961,CA-2017-150266,RO-19780,853.93
1690,CA-2014-142839,TS-21610,853.09
7625,CA-2015-136805,NM-18445,850.5
9704,CA-2017-147032,LB-16795,849.95
9877,US-2017-166324,BE-11455,848.54
1296,CA-2015-138898,JH-16180,845.73
2845,US-2016-162852,BG-11695,845.49
3552,CA-2016-152555,ME-17320,844.12
4662,CA-2015-112130,SV-20785,844.12
5612,CA-2017-121027,HW-14935,843.9
7336,CA-2015-113152,JK-15625,843.9
4435,CA-2016-168893,AP-10915,842.94
9349,CA-2016-114860,DN-13690,842.72
5149,CA-2017-128734,JL-15175,842.38
3873,CA-2015-132486,JF-15355,842.35
925,CA-2016-149797,AH-10075,841.57
3754,CA-2017-161956,DR-12880,841.57
1234,CA-2016-153682,BG-11695,839.99
145,CA-2017-155376,SG-20080,839.43
6175,US-2014-106299,NZ-18565,838.38
3113,CA-2016-150350,MS-17770,837.6
4751,CA-2016-127649,DL-13495,837.6
1083,US-2016-143819,KD-16270,836.59
3944,US-2016-142685,MG-17695,835.17
7552,CA-2014-140396,KH-16330,833.94
2210,CA-2014-125556,ML-17410,832.93
73,US-2015-134026,JE-15745,831.94
1851,CA-2015-160472,RK-19300,831.2
9075,CA-2014-136336,DB-13555,828.84
7136,CA-2017-141439,TT-21460,828.6
3183,CA-2017-152912,BM-11650,826.62
2436,CA-2015-154746,PJ-18835,826.11
8637,CA-2014-160094,JM-16195,826.0
3513,CA-2017-140326,HW-14935,825.17
6969,CA-2015-110765,MP-17965,824.97
6399,CA-2017-151981,GM-14455,824.95
3815,CA-2016-152471,ZD-21925,823.96
3857,US-2017-105389,DM-13015,823.96
4074,US-2015-164308,SC-20680,821.94
2552,CA-2017-101042,AB-10105,821.88
2649,CA-2014-131002,TB-21400,821.88
2697,CA-2014-145317,SM-20320,821.3
4507,US-2014-138247,BF-11170,818.38
5630,US-2016-146066,RB-19465,815.29
3553,CA-2016-152555,ME-17320,812.74
2874,CA-2017-137022,SW-20275,811.28
9731,CA-2014-111962,EB-14170,807.75
8244,CA-2014-109897,BW-11200,806.34
3584,CA-2015-121650,KD-16495,801.96
3817,CA-2015-102582,NW-18400,801.96
3915,US-2017-142573,ML-17410,801.6
503,US-2016-105578,MY-17380,801.57
1872,CA-2014-116932,ME-18010,801.57
5881,CA-2016-133935,JW-15220,801.57
9396,CA-2014-125997,MW-18220,801.57
4201,CA-2015-143105,MA-17560,799.98
2731,CA-2017-104801,FH-14350,799.96
7277,CA-2014-120670,JK-16120,799.92
6191,CA-2016-157259,JM-15535,799.56
917,US-2014-141215,KL-16555,797.94
9749,US-2014-140914,BH-11710,797.94
3520,CA-2015-124975,MG-17875,796.43
5850,CA-2015-121783,PO-19180,795.51
5745,US-2017-147886,DH-13075,795.48
7398,CA-2014-141649,DM-12955,795.41
5010,CA-2015-102876,LR-17035,791.96
9101,CA-2017-152933,MG-17650,791.88
118,CA-2015-110457,DK-13090,787.53
329,US-2016-141544,PO-18850,786.74
1622,CA-2017-108560,JC-15385,786.48
2672,CA-2014-126403,RR-19525,785.88
2755,CA-2015-155306,GA-14515,783.96
2801,CA-2016-153318,JS-15595,783.96
4759,CA-2014-121573,SG-20605,783.96
1540,CA-2017-121888,CL-11890,782.94
9485,CA-2016-164770,MY-18295,781.86
1830,CA-2014-103373,BS-11755,779.8
5845,CA-2015-126725,BS-11665,777.21
7144,US-2017-141558,MH-17290,776.85
8105,CA-2015-149846,SB-20185,775.73
4979,CA-2015-165050,AH-10210,773.94
4671,US-2017-133200,DB-13555,772.68
6160,CA-2016-161025,GM-14440,772.68
8029,CA-2015-132465,DM-13525,772.68
5019,CA-2014-127558,SS-20410,772.47
5023,CA-2016-133795,JE-15475,772.47
5960,CA-2016-127138,DK-13225,770.35
3997,CA-2015-105627,DK-12895,769.95
9317,CA-2016-161907,JH-16180,769.18
4040,CA-2014-110786,AJ-10795,767.95
6132,CA-2014-163447,TB-21190,767.21
1714,US-2017-124968,MM-18055,765.63
1246,CA-2014-168494,NP-18700,764.69
3633,CA-2017-132178,DB-12970,763.44
1576,CA-2014-101602,MC-18100,763.28
2847,CA-2017-152093,SN-20560,762.59
2075,CA-2017-122504,DB-13270,761.54
8641,US-2017-148551,DB-13120,760.98
7105,CA-2017-128944,KH-16330,760.12
4862,CA-2014-138940,GM-14455,758.35
7203,CA-2016-120369,VB-21745,756.8
8965,CA-2016-157280,LW-17125,756.8
7479,CA-2014-167199,ME-17320,755.96
7547,CA-2014-103492,CM-12715,755.94
2415,CA-2016-156300,TB-21595,754.45
8365,CA-2017-137631,JL-15235,751.98
4250,CA-2016-157336,SJ-20500,751.92
5475,CA-2017-121741,YC-21895,750.68
5187,US-2015-154389,EH-14125,748.75
458,US-2016-157945,NF-18385,747.56
5076,CA-2014-134572,SV-20365,744.1
8249,CA-2016-133816,CS-12400,743.99
4772,US-2014-167262,AC-10450,742.34
3155,CA-2017-150497,SM-20950,735.98
6828,CA-2016-118689,TC-20980,735.98
9969,CA-2017-153871,RB-19435,735.98
3263,CA-2014-140662,TS-21205,733.95
2,CA-2016-152156,CG-12520,731.94
9638,CA-2014-124702,MH-17785,730.2
614,CA-2016-121223,GD-14590,728.95
8057,CA-2015-121188,CB-12025,728.82
1864,US-2016-100839,NC-18625,727.45
3017,US-2016-160528,MH-18115,727.3
271,CA-2017-163979,KH-16690,725.84
5346,CA-2017-108539,SC-20725,725.84
7622,US-2014-144078,RB-19435,725.34
661,CA-2015-146563,CB-12025,724.08
2304,CA-2017-157931,MO-17800,723.92
8661,CA-2017-124765,HZ-14950,723.92
1043,CA-2016-102981,MO-17500,722.35
7407,CA-2015-100146,CB-12535,722.35
7345,CA-2017-168389,DV-13045,721.88
5046,CA-2016-158694,AI-10855,720.76
5362,CA-2017-100951,NC-18625,720.76
3784,CA-2017-165204,MN-17935,720.06
7804,CA-2015-102260,SJ-20125,720.06
8553,CA-2014-140473,MC-17425,719.98
2495,CA-2016-146206,KT-16480,719.96
7546,CA-2014-103492,CM-12715,719.95
8085,CA-2015-150714,KH-16690,718.64
3615,CA-2017-112529,SC-20770,718.12
7168,CA-2014-117464,NP-18325,717.72
9908,US-2015-129007,KD-16615,717.72
4976,CA-2015-142202,JR-16210,717.12
5040,CA-2015-136469,TS-21370,716.0
5849,CA-2015-121783,PO-19180,715.64
7908,CA-2016-112585,RW-19630,715.64
5275,CA-2015-162887,SV-20785,715.2
434,CA-2016-127369,DB-13060,714.3
5006,CA-2015-158659,SC-20695,714.3
6942,CA-2017-107132,SC-20260,713.88
2070,CA-2015-133452,ZC-21910,710.83
9180,CA-2017-156776,JL-15505,707.88
5222,CA-2017-117401,PP-18955,706.86
8049,CA-2016-168543,DK-13225,706.86
2555,CA-2016-118626,JC-15775,705.54
2809,CA-2015-148635,MH-18025,704.9
4365,CA-2017-111332,NC-18340,704.76
8649,CA-2016-164574,RH-19555,704.76
481,CA-2016-100790,JG-15805,704.25
6297,CA-2014-141313,AJ-10780,704.25
474,CA-2014-144666,JP-15520,703.97
7642,US-2016-157490,LB-16795,703.71
6292,CA-2017-143756,ME-17725,701.96
9463,US-2017-109610,BS-11590,701.96
658,US-2016-156097,EH-14125,701.37
2541,CA-2015-113404,EM-13810,700.15
2747,CA-2014-155887,KT-16480,700.06
1789,CA-2015-154326,RP-19855,699.98
5060,CA-2016-109722,TP-21130,699.98
1122,US-2014-147627,HL-15040,699.93
339,CA-2014-129924,AC-10420,698.35
6631,CA-2016-105081,JE-15715,698.35
8789,CA-2017-126914,JE-15715,698.35
1041,CA-2016-127670,RD-19660,697.16
5231,CA-2017-124436,SA-20830,697.16
4193,CA-2015-150875,HK-14890,696.42
1341,CA-2017-113481,AS-10045,695.7
2839,CA-2016-147368,TC-21295,695.7
3102,CA-2017-119578,JG-15310,695.16
6047,CA-2016-154662,BF-11215,692.94
4271,CA-2015-166975,SH-20635,692.47
3849,CA-2017-161053,JE-15745,691.96
9510,CA-2014-149104,RD-19900,689.82
4991,CA-2017-107321,AW-10930,689.41
5035,CA-2015-103954,HR-14770,687.4
8869,CA-2016-158260,CC-12475,686.4
1145,CA-2014-146969,AP-10915,686.32
5932,US-2017-169551,RL-19615,683.99
527,CA-2017-113558,PH-18790,683.95
9932,CA-2015-104948,KH-16510,683.33
4781,CA-2014-159310,SC-20725,683.14
3625,CA-2017-113530,BC-11125,681.41
6926,CA-2015-137925,JL-15235,681.41
9163,CA-2016-160108,AG-10900,680.01
7618,CA-2016-144309,CM-12235,679.96
1339,CA-2017-100524,CM-12115,677.58
1662,CA-2017-144526,QJ-19255,677.58
5957,CA-2016-127138,DK-13225,676.55
1625,CA-2015-157084,JG-15160,675.96
2578,CA-2014-129091,RA-19885,675.12
8280,CA-2017-146192,BD-11725,675.06
3839,CA-2014-126760,KM-16720,674.35
7191,CA-2016-164399,DW-13480,674.35
4905,US-2014-161613,MC-17605,674.06
2230,CA-2014-128055,AA-10315,673.57
9782,CA-2016-153178,CL-12565,673.57
9487,CA-2017-130505,NF-18385,673.34
2955,CA-2017-134915,EM-14140,671.98
4164,CA-2015-163587,EP-13915,671.94
146,CA-2015-110744,HA-14920,671.93
3090,US-2017-159205,DB-12910,671.93
4726,CA-2016-131968,LB-16795,671.54
8128,CA-2015-137064,TS-21655,670.75
1637,CA-2014-168984,NW-18400,669.08
9681,CA-2015-130113,AH-10030,668.16
3019,US-2016-160528,MH-18115,666.4
4309,CA-2014-125829,WB-21850,666.34
530,US-2015-138303,MG-18145,666.25
17,CA-2014-105893,PK-19075,665.88
3778,CA-2015-107937,JB-16045,665.88
455,CA-2017-147277,EB-13705,665.41
5501,CA-2017-164378,MM-18055,664.15
3070,US-2017-120089,ML-17755,663.94
8013,CA-2017-120168,TB-21625,663.92
9190,US-2015-130512,SM-20320,663.07
1941,CA-2016-112109,JE-15715,662.88
3321,CA-2014-134551,TS-21505,662.88
2443,CA-2016-146934,AF-10870,662.84
6286,CA-2016-125080,VW-21775,661.18
4492,CA-2014-150798,JK-15730,659.99
1931,US-2017-101539,VM-21685,659.98
2247,CA-2017-103380,BF-11005,659.98
7978,CA-2014-166051,JK-15625,659.97
3891,US-2016-163881,SP-20860,659.9
5610,CA-2017-117198,BG-11035,659.9
5921,US-2015-126977,PF-19120,659.9
4550,CA-2015-126557,RL-19615,659.17
4735,CA-2016-120530,Dl-13600,658.75
3603,CA-2014-159835,RB-19330,657.93
4574,CA-2016-139395,MG-17650,657.93
8024,CA-2014-129189,HM-14860,657.93
3525,CA-2016-132731,GA-14515,657.55
4344,CA-2017-105410,ND-18370,657.5
3495,CA-2017-142034,KB-16240,655.9
2815,CA-2015-135685,MP-18175,653.55
5036,CA-2014-169803,SC-20260,653.55
2629,US-2017-165344,SB-20290,653.0
1395,US-2017-117247,CK-12760,652.45
6309,CA-2016-163328,TP-21565,650.35
7293,CA-2017-109183,LR-16915,649.0
258,US-2015-159982,DR-12880,647.9
360,CA-2017-155698,VB-21745,647.84
2496,CA-2014-136644,SC-20575,647.84
543,US-2015-120161,LM-17065,646.78
766,CA-2014-162775,CS-12250,646.74
6025,CA-2017-139717,DM-13015,646.27
4058,CA-2014-163034,DK-12985,646.2
1147,CA-2015-112452,NC-18340,644.08
6731,CA-2015-156734,BV-11245,643.14
770,CA-2016-157245,LE-16810,641.96
7461,US-2015-136987,AR-10540,639.97
4089,US-2014-156559,LH-16900,638.82
5733,CA-2017-143574,DR-12880,638.82
3655,CA-2017-133004,AJ-10945,638.73
5775,CA-2016-142398,BP-11290,638.29
4003,CA-2016-145730,CC-12220,637.9
8449,CA-2017-125451,AH-10075,637.9
8285,CA-2015-154284,SZ-20035,637.44
3731,CA-2015-109575,KH-16630,636.86
2101,US-2014-140116,KT-16480,636.41
4673,CA-2016-133550,KL-16645,635.96
6548,CA-2014-113880,VF-21715,634.12
2490,CA-2015-141040,TB-21250,631.96
9273,CA-2016-100510,HM-14860,631.96
4347,CA-2016-120355,MM-17260,631.78
9395,CA-2014-125997,MW-18220,631.78
4498,CA-2017-155075,GW-14605,631.18
8411,CA-2016-130820,ON-18715,630.02
2729,CA-2017-119193,SK-19990,629.96
4177,CA-2014-128846,RS-19765,629.95
6181,CA-2015-158421,GB-14575,629.95
6469,CA-2016-163804,DB-13270,629.95
6747,CA-2017-159156,KB-16600,629.95
9394,CA-2014-125997,MW-18220,629.95
5119,CA-2015-127173,GM-14500,629.93
8889,CA-2017-103968,ML-17755,629.64
6310,CA-2016-163328,TP-21565,629.18
3400,CA-2014-102274,DH-13075,629.1
4924,CA-2017-114055,MH-18115,629.1
7258,CA-2016-152730,EM-14140,629.1
2414,CA-2014-151295,JA-15970,629.06
2400,CA-2017-147361,SB-20290,628.81
3132,CA-2014-136399,CC-12100,627.17
6636,CA-2017-144498,MB-18085,627.17
193,CA-2015-102281,MP-17470,626.35
8712,CA-2014-105648,EJ-14155,626.35
8927,CA-2016-168032,DF-13135,626.1
7686,CA-2015-116876,TT-21070,625.99
6944,CA-2015-139248,RD-19930,623.96
9115,CA-2016-135461,EB-13975,623.96
4670,US-2017-133200,DB-13555,623.46
227,CA-2015-163055,DS-13180,622.45
6977,CA-2015-112144,CY-12745,621.76
233,US-2017-100930,CS-12400,620.61
1119,CA-2015-142755,CS-12355,619.95
2681,CA-2017-127026,MH-18115,619.95
5716,CA-2015-124107,BM-11650,619.95
8663,CA-2015-131856,JG-15160,619.15
236,US-2017-100930,CS-12400,617.98
8855,US-2015-115343,FO-14305,617.98
996,CA-2014-117639,MW-18235,617.97
4413,CA-2014-130624,TB-21280,617.97
126,US-2014-134614,PF-19165,617.7
3846,CA-2014-101931,TS-21370,617.0
2281,CA-2017-142622,JK-15625,614.27
9692,CA-2015-130183,PO-18850,614.0
2360,US-2014-148838,CP-12340,613.91
3835,CA-2014-105984,MY-18295,611.06
7476,CA-2014-167199,ME-17320,609.98
8929,US-2015-168704,FP-14320,609.98
8578,CA-2017-146164,CM-12190,607.52
7682,CA-2014-133592,KM-16375,605.88
5234,CA-2014-115084,LS-17200,605.34
8366,CA-2017-157273,SZ-20035,604.77
3556,CA-2014-120838,PO-18865,604.75
9422,CA-2014-145254,NC-18535,604.75
2517,CA-2014-128888,PB-19105,604.66
984,CA-2014-163419,TZ-21580,603.92
1571,US-2014-157385,SC-20095,603.92
3313,US-2014-133130,TH-21100,603.92
3496,CA-2017-142034,KB-16240,603.92
3716,CA-2014-135608,JK-15625,603.92
6899,US-2015-165512,VS-21820,602.65
1020,CA-2015-108665,KM-16225,601.65
2786,CA-2015-149972,CD-12790,601.54
3203,CA-2014-158372,RD-19900,601.54
2592,US-2016-115455,SE-20110,601.47
5128,CA-2014-160766,DM-13015,601.3
125,US-2014-152030,AD-10180,600.56
8674,CA-2017-163265,JS-16030,600.56
9789,CA-2017-144491,CJ-12010,600.56
8283,CA-2015-154284,SZ-20035,600.53
5773,CA-2015-158939,EA-14035,599.99
7282,CA-2017-159282,GH-14410,599.99
1151,CA-2015-112452,NC-18340,599.98
3526,CA-2017-148922,SU-20665,599.97
7043,US-2017-165358,SV-20365,599.97
4049,US-2015-166520,KE-16420,599.9
981,CA-2016-144939,EB-13870,599.29
5428,US-2016-108497,MH-17290,599.17
7009,CA-2015-154823,KN-16390,598.46
1913,CA-2017-121503,FH-14275,597.13
2047,CA-2016-131835,MC-17590,597.0
2292,CA-2015-149342,TS-21160,595.38
9653,CA-2016-107104,MS-17365,595.38
2417,CA-2017-168655,ML-18040,595.0
8158,CA-2016-103464,PG-18820,595.0
9325,CA-2017-121853,DB-13660,594.82
1204,CA-2016-114727,LS-16945,593.57
7821,CA-2017-152436,CW-11905,592.74
7573,CA-2014-100916,FH-14275,591.32
4587,US-2017-163790,NL-18310,590.35
5605,CA-2015-142475,BS-11380,590.35
1370,US-2015-103471,JR-15670,590.06
4618,CA-2015-117800,TH-21550,589.9
6440,CA-2014-166891,CC-12220,589.41
9582,CA-2017-152975,RB-19705,589.41
5440,CA-2016-167115,EH-14185,588.78
2597,CA-2017-149048,BM-11650,587.97
4096,CA-2015-102491,KW-16435,587.97
6346,CA-2015-146255,EM-14140,587.97
7017,CA-2014-114790,FM-14215,587.97
4634,CA-2015-130456,DS-13180,586.4
2750,US-2014-141257,CS-11950,585.55
5469,CA-2014-132451,KF-16285,585.55
5061,CA-2016-109722,TP-21130,584.82
8795,CA-2014-162992,BP-11095,583.8
9393,CA-2015-130848,DG-13300,582.34
5830,CA-2016-122063,MM-17920,581.96
3386,CA-2017-148404,Dp-13240,580.67
3483,CA-2014-124688,CC-12610,579.95
9659,CA-2014-156160,AS-10090,579.53
6313,CA-2017-120019,NG-18355,579.51
6737,CA-2016-123358,BT-11680,579.51
1317,CA-2016-145919,HG-14965,579.3
1212,CA-2016-137050,SW-20755,579.14
4643,CA-2017-130141,HA-14905,579.14
8206,CA-2015-114811,KD-16495,577.76
9552,CA-2015-147690,SC-20020,577.58
5801,CA-2014-123225,MN-17935,575.97
5962,CA-2014-140732,MA-17560,575.93
1319,CA-2014-160773,LW-16825,575.92
4416,CA-2014-153983,AH-10210,575.92
9406,CA-2014-152618,RB-19465,574.91
4310,CA-2014-125829,WB-21850,573.73
9880,CA-2016-122581,JK-15370,573.17
9489,CA-2015-156566,EM-13960,572.8
1301,CA-2016-137043,LC-17140,572.76
768,CA-2014-162775,CS-12250,572.58
8041,CA-2017-121489,CM-11815,572.58
4060,CA-2015-124058,LC-16885,572.16
5640,CA-2014-154893,GM-14440,572.16
2468,CA-2017-128755,MK-18160,571.44
7928,CA-2017-120404,KH-16330,569.99
7457,CA-2015-137974,LL-16840,569.64
6406,CA-2017-154074,BW-11110,569.57
3519,US-2016-113649,HA-14920,569.54
5158,CA-2017-163006,GH-14410,569.06
3338,US-2017-109253,PR-18880,568.73
9237,CA-2016-126732,LR-16915,568.73
747,CA-2014-124429,MH-17785,567.12
7745,CA-2016-133613,CP-12340,566.97
6647,US-2016-127334,MP-18175,564.2
5168,CA-2014-121006,SC-20020,563.94
7579,CA-2016-138597,PN-18775,563.94
6203,CA-2016-118332,PK-19075,563.92
3126,CA-2015-121720,JE-15610,563.81
3905,CA-2015-167010,VT-21700,563.81
3757,CA-2016-116799,JG-15310,563.43
1883,CA-2015-109512,LF-17185,563.4
6574,CA-2016-160535,BP-11050,563.4
6285,CA-2016-100944,EH-13765,563.24
4867,CA-2017-122490,TT-21070,563.02
8137,CA-2016-118073,CS-12490,562.29
6375,CA-2014-107811,LA-16780,561.58
2810,CA-2015-148635,MH-18025,561.57
1550,CA-2014-134278,EP-13915,559.99
983,CA-2014-163419,TZ-21580,559.98
6901,CA-2015-140557,TN-21040,559.93
3893,US-2016-163881,SP-20860,559.92
7289,CA-2014-158281,AG-10525,559.71
1753,CA-2017-116715,VW-21775,559.62
3425,CA-2016-134803,CL-12565,558.4
4645,CA-2015-147501,Co-12640,558.4
8144,CA-2016-100993,AZ-10750,557.73
2348,CA-2016-159373,LT-17110,557.59
4024,CA-2017-130764,JO-15145,556.67
5400,CA-2016-117681,HF-14995,556.67
9134,CA-2015-157805,RH-19510,555.96
624,CA-2015-138009,SF-20965,555.21
1336,CA-2016-122133,JR-15670,552.56
7420,US-2016-114013,SC-20770,552.56
5978,CA-2017-116953,SV-20935,552.0
3724,US-2014-169789,MF-17665,551.99
7813,CA-2016-134334,DK-13090,550.43
5069,CA-2014-124478,MA-17560,549.99
5851,CA-2015-121783,PO-19180,549.99
8203,CA-2015-114811,KD-16495,549.98
1597,CA-2017-132234,MY-17380,547.3
2330,US-2015-147739,JD-16150,547.14
3907,CA-2015-167010,VT-21700,547.14
4698,US-2015-138121,JL-15835,546.66
5586,CA-2017-105333,VP-21730,546.06
2979,CA-2014-109232,ND-18370,545.94
5386,CA-2017-161410,CC-12220,545.92
1978,CA-2014-110408,AS-10225,545.88
2437,CA-2017-140053,CA-12265,545.85
3185,CA-2017-152912,BM-11650,544.38
4342,CA-2017-130309,GB-14575,544.38
778,CA-2015-144267,NZ-18565,544.01
1201,CA-2016-114727,LS-16945,544.01
894,CA-2017-133256,TH-21550,543.92
5298,CA-2017-108791,TM-21490,543.92
4014,CA-2015-165624,FH-14350,542.94
4619,CA-2015-117800,TH-21550,542.94
5695,US-2015-138093,KM-16225,542.94
5762,CA-2017-158169,JM-16195,542.94
9389,US-2017-127292,RM-19375,542.94
731,US-2016-150861,EG-13900,542.65
2251,CA-2015-116092,JM-16195,541.44
8008,CA-2015-110863,AA-10645,541.24
8872,CA-2017-101805,SH-19975,541.24
945,CA-2015-120880,JL-15850,540.57
7939,CA-2017-166093,RW-19540,540.57
1259,US-2016-168620,RB-19795,540.05
1502,CA-2017-130386,NG-18430,540.05
3083,US-2017-132297,DW-13480,539.97
4161,CA-2017-115546,AH-10465,539.97
3302,US-2014-159926,CS-11950,539.96
6502,CA-2014-129147,LC-17050,539.96
7621,US-2014-144078,RB-19435,539.92
7417,US-2016-114013,SC-20770,539.91
2905,CA-2016-153577,KH-16330,539.66
7463,CA-2015-138485,NP-18670,538.92
3460,CA-2017-136448,AS-10090,538.19
4546,CA-2015-126557,RL-19615,537.54
8792,CA-2017-162075,TT-21220,537.54
4608,CA-2015-135020,MS-17770,535.41
5170,CA-2014-121006,SC-20020,535.41
8133,CA-2014-127866,JD-15895,535.41
8737,CA-2016-168774,RP-19855,535.41
7559,US-2014-137155,DL-12925,533.94
5742,US-2017-147886,DH-13075,532.72
2369,US-2016-129469,KL-16555,532.7
3116,CA-2016-150350,MS-17770,532.7
39,CA-2015-117415,SN-20710,532.4
2598,CA-2017-149048,BM-11650,530.34
6517,US-2017-116652,RD-19480,529.9
3173,US-2016-133879,KT-16465,528.43
8777,CA-2016-102813,EA-14035,528.43
9920,CA-2016-149272,MY-18295,528.43
5935,US-2017-169551,RL-19615,527.92
7702,CA-2017-151799,BF-11170,526.58
2232,CA-2017-157091,DB-13405,526.45
2574,CA-2017-145128,SM-20320,526.45
8119,US-2017-106551,EB-13930,526.34
3810,CA-2015-113628,AH-10690,523.92
6946,CA-2016-106243,GM-14680,523.92
3799,CA-2017-147760,KL-16555,523.76
7360,US-2014-115189,AR-10345,523.76
625,CA-2015-138009,SF-20965,523.48
7036,CA-2017-119494,JE-15610,523.39
7460,CA-2015-137974,LL-16840,523.26
1627,CA-2015-164539,PO-19180,523.25
4717,CA-2017-143126,CM-12655,521.96
5956,CA-2014-155796,TS-21430,521.96
4360,CA-2017-162565,RR-19315,520.46
9353,CA-2017-148411,RO-19780,520.46
989,CA-2017-167899,JG-15805,520.05
5832,CA-2015-111206,RF-19735,519.96
7971,US-2015-126753,SP-20860,519.79
6707,CA-2016-112277,SC-20695,519.68
6068,CA-2017-166695,CC-12430,518.27
3054,CA-2016-128517,SW-20350,517.9
1628,CA-2015-143119,MC-17275,517.5
8678,CA-2017-141705,PO-18850,517.41
9817,CA-2015-162201,AG-10495,516.96
948,US-2017-110576,RB-19795,516.49
1700,CA-2014-135657,SC-20725,515.88
486,CA-2017-140963,MT-18070,514.17
3497,CA-2016-107328,CA-12055,513.02
6757,CA-2017-124205,TC-21145,512.96
3995,CA-2015-105627,DK-12895,512.94
8167,CA-2015-168207,LT-17110,512.5
8314,CA-2014-161508,PV-18985,512.36
7494,US-2017-160836,CC-12475,512.19
2096,US-2016-146570,SN-20710,511.84
9848,CA-2017-169327,MH-17290,511.5
5663,CA-2016-108875,CL-12700,511.06
3711,CA-2017-113670,RS-19765,510.24
342,CA-2014-122336,JD-15895,509.97
7404,CA-2015-100146,CB-12535,509.96
3512,CA-2014-166863,SC-20020,509.49
7827,CA-2017-117114,CY-12745,508.77
7543,US-2017-112347,BS-11380,508.7
6042,CA-2017-122364,FA-14230,506.28
6555,CA-2014-137092,LS-16975,505.32
1899,CA-2014-169775,RA-19945,505.18
3029,CA-2017-116855,AI-10855,504.9
5990,CA-2016-163776,JS-16030,504.9
183,CA-2014-158274,RM-19675,503.96
2300,CA-2015-113145,VD-21670,503.96
6480,CA-2017-140872,NR-18550,503.96
6955,CA-2015-129917,HM-14980,503.96
9690,US-2017-135986,PG-18895,503.96
6288,CA-2014-100090,EB-13705,502.49
970,CA-2017-135279,BS-11800,501.81
2157,CA-2014-124646,DV-13465,501.81
3848,CA-2017-129000,SZ-20035,501.81
9733,CA-2014-114321,NC-18535,500.24
3732,CA-2015-109575,KH-16630,499.99
2264,CA-2016-131065,AA-10375,499.98
5620,US-2016-124163,SC-20695,499.95
2969,CA-2017-167941,JF-15565,499.58
8595,CA-2017-159667,PM-19135,499.17
5220,CA-2017-145653,CA-12775,498.26
8339,CA-2014-153087,TC-20980,498.0
7558,CA-2017-159506,JR-16210,497.94
1775,CA-2014-118976,MY-18295,497.61
8533,CA-2016-156748,BS-11755,496.86
2242,US-2016-126893,CT-11995,494.98
6854,US-2017-162670,MF-18250,494.97
8899,CA-2015-163237,EM-14095,494.97
601,US-2016-100720,CK-12205,494.38
3288,CA-2015-157770,RD-19585,494.38
4541,CA-2015-104129,ES-14080,493.92
8867,CA-2014-120411,SB-20185,493.43
2448,CA-2016-119165,BD-11320,492.84
3462,CA-2017-114258,EM-13825,492.77
6923,CA-2015-134257,MS-17710,491.55
9697,CA-2014-144281,HK-14890,491.55
2345,CA-2016-119025,PV-18985,490.32
2580,US-2014-155502,SD-20485,489.92
8894,CA-2014-124723,GZ-14470,489.23
363,CA-2017-144904,KW-16435,488.65
1896,CA-2015-109197,JO-15280,487.98
3618,CA-2017-141929,RA-19285,487.98
3643,CA-2014-156594,MC-17845,487.98
9033,CA-2017-105823,RB-19465,487.96
3498,CA-2016-107328,CA-12055,487.92
8305,CA-2017-135419,BG-11740,486.37
2222,CA-2015-131884,DK-13375,485.94
1186,CA-2014-127131,HR-14830,485.88
4853,CA-2014-107818,MC-17275,485.88
1390,US-2016-108504,PP-18955,484.83
6608,CA-2016-148852,SV-20785,484.7
1005,CA-2015-126445,RA-19945,484.65
7533,CA-2016-107146,LC-16885,483.14
9843,US-2016-125402,DL-12865,483.14
9093,CA-2015-162950,DW-13585,482.94
4218,CA-2017-149881,NC-18535,482.66
387,CA-2015-122756,DK-13225,482.34
9644,CA-2014-104563,CM-12715,481.57
2760,CA-2016-146171,JP-16135,481.32
4901,CA-2017-120936,CA-12310,481.32
5760,US-2016-111528,JP-16135,481.32
8630,CA-2015-164084,AG-10525,481.18
3860,CA-2017-154039,JK-16120,480.96
3845,CA-2014-101931,TS-21370,480.74
8878,CA-2017-126928,GZ-14470,480.0
224,CA-2015-169397,JB-15925,479.99
6952,CA-2015-161767,GK-14620,479.99
2387,US-2017-117534,CV-12295,479.98
2900,CA-2015-166464,PG-18895,479.98
4573,CA-2017-126662,AB-10255,479.98
7037,CA-2014-124618,CS-11860,479.98
8494,CA-2015-109190,CC-12685,479.98
8540,CA-2017-147354,KB-16315,479.98
8571,CA-2016-162390,DP-13105,479.98
9840,US-2016-125402,DL-12865,479.98
686,CA-2014-157784,MC-17845,479.97
4030,CA-2017-124296,CS-12355,479.97
7706,CA-2016-114601,AA-10480,479.97
8498,CA-2014-169061,AB-10150,479.97
8614,CA-2016-138233,PF-19165,479.97
9044,CA-2016-168830,ML-17395,479.97
1983,CA-2014-122749,NG-18430,479.96
3092,CA-2016-112123,BH-11710,479.95
6745,CA-2017-111269,CS-12355,479.95
7095,US-2015-153374,JF-15565,479.95
2510,CA-2017-163902,MY-17380,479.94
7836,CA-2015-106257,EB-14110,479.92
2093,CA-2014-145926,MP-17470,479.9
6939,CA-2016-125094,NP-18700,479.72
376,US-2014-119137,AG-10900,479.04
1904,CA-2017-167094,DK-12835,478.48
6846,CA-2014-147543,BC-11125,478.48
4418,CA-2017-112900,KL-16645,478.24
2569,CA-2017-148929,SP-20620,478.08
9538,CA-2016-148747,AS-10045,477.67
9663,CA-2016-160717,ME-17320,477.6
6693,CA-2017-160899,DR-12940,477.51
9448,CA-2017-136882,DN-13690,477.3
2740,CA-2017-122707,EB-13750,477.24
6437,US-2017-116897,JG-15160,477.15
3830,CA-2017-141733,RW-19540,476.8
8603,US-2014-133949,JL-15175,475.94
9140,CA-2014-106971,BM-11785,475.94
8178,CA-2017-149699,CM-12115,474.95
4010,CA-2017-144463,SC-20725,474.43
7081,CA-2016-106950,JE-15715,472.52
3453,CA-2014-157609,KN-16705,471.92
6973,CA-2017-153822,AB-10105,471.92
8146,US-2014-112949,Co-12640,471.9
582,CA-2017-145233,DV-13465,470.38
1877,CA-2017-112039,JC-15775,470.38
3912,CA-2017-126788,AB-10105,470.38
7502,CA-2017-121048,TC-21295,470.38
9693,CA-2015-107902,SM-20950,470.36
1447,CA-2017-102337,SD-20485,470.3
8968,CA-2016-134180,JP-16135,470.16
7799,CA-2017-166184,HR-14830,469.99
6614,CA-2015-107678,JK-16090,469.95
541,CA-2014-140795,BD-11500,468.9
6077,CA-2016-151561,PG-18820,468.9
7752,CA-2015-133242,KH-16510,467.97
5044,CA-2016-158694,AI-10855,467.46
4966,CA-2015-109708,CY-12745,467.04
311,CA-2016-142902,BP-11185,466.77
9898,CA-2016-112830,LP-17095,466.32
5087,CA-2015-109001,KN-16390,466.16
3593,CA-2016-108434,JG-15160,465.18
5211,CA-2015-156755,YS-21880,465.18
6250,CA-2017-121580,ML-17410,465.16
7232,CA-2017-153843,SC-20380,465.16
3679,CA-2015-132626,BT-11680,464.97
4859,CA-2015-137526,PB-19150,464.85
5125,CA-2014-160766,DM-13015,464.29
7858,CA-2014-103429,LW-16825,464.0
4821,CA-2015-140025,PF-19120,463.25
1921,US-2017-111423,EH-13765,462.56
5026,US-2017-130953,RF-19735,461.97
664,CA-2016-123666,SP-20545,459.95
5731,CA-2017-117324,JP-15520,459.92
7110,CA-2016-109666,KM-16720,459.88
5996,CA-2016-162187,NS-18640,458.43
9000,CA-2017-137785,MH-18115,458.43
158,CA-2014-104269,DB-13060,457.57
9288,CA-2017-154011,DB-13270,457.49
7772,CA-2016-108196,CS-12505,456.59
5543,CA-2016-134936,ES-14080,455.97
9344,CA-2017-109085,CK-12325,455.97
9328,US-2017-130687,PF-19225,455.71
1158,CA-2014-136567,PS-19045,455.1
9088,CA-2016-143406,LR-17035,454.97
1718,CA-2016-169943,BN-11515,454.9
4119,CA-2015-153416,TS-21340,454.86
8070,CA-2017-151750,JM-15250,454.56
6424,CA-2015-149650,RD-19660,454.27
9550,CA-2016-131744,SC-20770,453.6
1566,CA-2015-132101,JO-15550,453.58
8558,CA-2016-132829,LA-16780,453.58
1457,CA-2017-148474,ME-17320,452.94
4590,US-2017-163790,NL-18310,452.55
214,CA-2015-146262,VW-21775,452.45
570,CA-2017-156951,EB-13840,451.15
8121,CA-2016-116722,LP-17080,451.15
2472,US-2016-135923,CM-11935,451.14
7750,CA-2015-133242,KH-16510,450.04
8694,CA-2016-118311,ED-13885,450.0
8890,CA-2016-147256,FC-14245,449.97
6778,US-2017-166037,CL-12700,449.91
7337,CA-2015-113152,JK-15625,449.57
8170,CA-2017-107174,AB-10060,449.57
6115,CA-2016-124590,SP-20920,449.37
492,CA-2014-113362,AJ-10960,449.15
2991,CA-2016-139010,MC-17635,449.15
7423,US-2016-114013,SC-20770,449.1
4313,CA-2014-125829,WB-21850,447.97
3859,CA-2014-140816,TC-21295,447.94
8556,CA-2015-117884,DC-13285,447.94
1167,CA-2015-125416,KC-16540,447.93
3091,CA-2016-112123,BH-11710,447.86
5877,CA-2014-152443,FG-14260,447.86
6663,CA-2015-129322,DB-13405,447.86
1098,CA-2014-159338,NS-18640,447.84
1377,CA-2014-126361,VD-21670,447.84
7705,CA-2016-114601,AA-10480,447.84
7897,CA-2017-124744,EH-14125,447.84
937,CA-2016-140081,CG-12040,447.7
7675,CA-2015-130974,MA-17560,446.07
597,CA-2014-131450,LR-16915,445.96
5405,US-2016-143280,TZ-21580,445.96
7484,CA-2014-129938,EB-13705,445.8
7353,CA-2017-152135,MG-17650,445.44
206,CA-2017-108329,LE-16810,444.77
2832,CA-2014-148915,ND-18370,443.92
3396,US-2017-148362,KF-16285,443.92
5619,CA-2015-101154,CM-12190,443.92
2182,CA-2016-128818,CJ-12010,442.76
1745,CA-2017-152807,MC-18100,442.4
6263,CA-2016-132479,MK-17905,442.37
7640,CA-2017-104885,DB-13555,441.96
7866,CA-2015-143364,TG-21310,441.92
4688,CA-2016-101987,HL-15040,440.91
4649,CA-2017-129357,KB-16585,440.19
3692,US-2015-131359,FA-14230,439.99
4287,CA-2015-105690,CA-11965,439.99
3560,CA-2017-152737,TS-21505,439.8
2795,CA-2014-154599,KN-16450,438.37
6644,US-2015-156496,WB-21850,438.37
1638,CA-2014-168984,NW-18400,438.34
8108,CA-2017-159149,CR-12820,438.34
2256,CA-2016-164091,LA-16780,437.85
5596,CA-2017-160325,BP-11095,437.85
9781,CA-2016-153178,CL-12565,437.85
9980,US-2016-103674,AP-10720,437.47
8340,CA-2017-135076,YS-21880,436.7
9643,CA-2014-104563,CM-12715,436.7
3352,US-2014-134733,BM-11650,436.0
8039,CA-2017-109393,JC-15775,436.0
5941,CA-2017-112431,RW-19690,435.84
3492,CA-2015-157322,RH-19600,435.5
9519,CA-2015-123939,MS-17710,435.5
2273,CA-2015-142944,JL-15850,435.26
7565,US-2016-166660,TB-21250,435.17
7956,CA-2017-131807,GG-14650,435.17
4648,CA-2016-139556,DB-13360,434.65
1725,CA-2015-127453,JK-15370,434.35
4169,CA-2014-157924,HA-14920,433.57
8279,US-2016-139262,LC-16960,432.46
2538,CA-2015-168746,SV-20365,431.98
2935,US-2016-169040,GT-14710,431.98
5201,CA-2016-103982,AA-10315,431.98
7730,US-2016-109260,TN-21040,431.98
9562,CA-2016-129280,SM-20905,431.98
3336,US-2017-109253,PR-18880,431.97
8443,US-2016-155173,JB-16045,431.94
1198,CA-2016-130946,ZC-21910,431.93
3601,CA-2017-138310,NP-18700,431.93
7757,CA-2017-100902,CK-12595,431.16
9778,CA-2014-169019,LF-17185,431.14
3219,CA-2017-104640,FH-14275,430.88
5979,CA-2014-117765,RB-19465,429.9
9116,CA-2017-153045,NS-18505,429.6
9361,CA-2016-168046,JD-15895,428.68
6275,US-2016-139087,DK-13375,428.4
9533,CA-2016-116596,BW-11200,427.64
1430,US-2015-164448,DK-12835,427.42
2337,CA-2017-152695,CC-12220,426.79
2116,CA-2015-164882,SG-20080,425.83
2651,US-2016-146794,SH-19975,424.96
9382,CA-2014-154158,CC-12670,424.27
7301,CA-2014-163468,JK-15730,424.12
7904,CA-2017-128363,DC-12850,423.65
2751,CA-2014-154669,TM-21010,423.28
7582,CA-2015-169656,EJ-13720,422.86
8543,CA-2015-157287,HR-14830,422.63
2146,US-2016-152051,TS-21160,422.06
5800,CA-2014-166716,CR-12730,421.37
7104,CA-2017-147410,EJ-14155,421.1
1306,CA-2016-101966,BM-11785,419.94
9374,CA-2017-102820,CS-11950,419.94
6560,CA-2016-160941,DK-12835,419.9
239,CA-2016-157749,KL-16645,419.68
1404,US-2016-161396,GM-14455,419.4
5826,CA-2017-161067,KB-16405,419.4
6771,CA-2017-139402,NC-18535,419.4
7448,CA-2017-127474,RD-19810,419.4
4564,CA-2017-129490,SJ-20125,419.14
5485,CA-2017-148999,EB-13870,419.14
3511,CA-2014-166863,SC-20020,418.8
9314,CA-2015-111948,AG-10495,418.32
4491,CA-2017-105921,JM-15250,418.3
2315,CA-2017-122035,EM-13825,416.32
5842,CA-2015-126725,BS-11665,415.97
4350,CA-2017-169894,MV-17485,415.87
6696,US-2016-155103,JF-15190,415.18
5974,CA-2015-143980,JK-15640,414.96
3975,CA-2016-167556,JM-15250,414.0
6895,CA-2017-164756,SS-20140,411.98
2059,CA-2017-120376,TP-21130,411.8
3049,CA-2017-121419,TC-21475,411.8
1761,CA-2015-130785,AG-10900,411.33
5495,CA-2014-105249,DH-13675,411.33
6433,CA-2014-165764,SH-20395,410.35
9626,CA-2017-137449,ME-17725,410.0
1890,CA-2014-142587,TB-21520,409.59
4053,CA-2014-122931,SM-20950,409.27
6121,CA-2017-143378,JR-16210,409.22
182,CA-2014-166191,DK-13150,408.74
431,US-2016-123750,RB-19795,408.74
1972,CA-2017-140242,ML-17755,408.74
2899,US-2015-114839,PW-19240,408.42
3489,CA-2015-157322,RH-19600,408.42
1412,CA-2016-136329,JD-15895,408.01
4531,CA-2016-118759,MB-17305,408.01
14,CA-2016-161389,IM-15070,407.98
924,CA-2015-111164,SE-20110,406.6
5271,CA-2017-144484,CB-12025,406.6
586,CA-2017-145233,DV-13465,406.37
9162,CA-2016-160108,AG-10900,405.86
2065,CA-2014-106439,GG-14650,405.64
3523,CA-2016-114482,DM-13345,404.94
4098,CA-2014-116904,SC-20095,404.9
6185,CA-2016-143609,DB-13270,403.92
9095,US-2015-132836,AJ-10945,403.68
9894,US-2016-115441,SH-19975,403.56
3030,US-2016-164189,DR-12880,403.17
5078,CA-2014-134572,SV-20365,401.59
7326,US-2017-128447,MC-17845,400.8
9584,CA-2017-116127,SB-20185,400.78
729,US-2016-150861,EG-13900,400.03
7891,CA-2016-148684,TS-21655,399.98
1379,CA-2014-126361,VD-21670,399.96
7048,CA-2014-150581,NM-18445,399.96
6534,US-2017-107384,TP-21130,399.95
8639,CA-2017-118346,PO-19180,399.95
5273,CA-2017-125913,JO-15145,399.67
8619,CA-2017-117513,BT-11395,399.67
1682,CA-2014-122882,SB-20290,399.54
9577,CA-2015-143147,PS-18760,399.54
9280,CA-2017-122539,SC-20305,398.97
5054,CA-2015-141243,AH-10465,398.4
1243,US-2016-162859,PG-18820,398.35
1888,CA-2014-140165,EH-14005,398.35
2109,CA-2015-164882,SG-20080,398.35
5193,CA-2014-101560,CS-12250,397.6
6395,CA-2016-129126,PK-19075,396.92
7512,US-2017-161935,JL-15835,396.92
178,US-2015-101511,JE-15745,396.8
1508,CA-2016-134208,CS-12505,396.0
6758,CA-2017-124205,TC-21145,395.94
3131,CA-2014-136399,CC-12100,395.0
4198,US-2016-161683,CJ-12010,394.82
1878,CA-2017-118885,JG-15160,393.57
6678,CA-2015-109337,DL-13330,393.54
8046,CA-2016-145611,HA-14905,393.25
947,US-2015-140200,CA-12775,393.17
1410,US-2016-122245,AB-10105,393.17
636,CA-2015-168004,DJ-13420,392.94
9285,CA-2014-161032,MK-17905,392.94
5065,CA-2017-122196,CA-12265,391.98
5595,CA-2017-160325,BP-11095,391.98
7478,CA-2014-167199,ME-17320,391.98
2308,CA-2017-116225,SV-20935,390.75
7390,CA-2017-108035,TT-21070,390.37
3169,CA-2016-138695,KC-16675,390.27
2319,CA-2017-122035,EM-13825,389.97
5670,CA-2016-142405,SE-20110,389.97
7279,CA-2016-157217,TC-21535,389.97
8534,CA-2016-156748,BS-11755,389.97
9263,CA-2015-124499,FM-14380,389.97
230,US-2015-145436,VD-21670,389.7
7964,CA-2017-104864,JS-15685,389.06
355,CA-2016-138520,JL-15505,388.7
8040,CA-2017-121489,CM-11815,388.7
1275,CA-2016-119186,MS-17710,388.43
4415,CA-2017-132339,JB-15400,387.99
5975,CA-2016-135636,DB-13615,387.72
2911,CA-2015-118444,VD-21670,387.14
5997,CA-2016-162187,NS-18640,387.14
8273,CA-2016-139549,MY-18295,387.14
8470,US-2017-132031,PN-18775,387.14
6660,CA-2017-135937,KM-16375,386.91
7415,US-2016-114013,SC-20770,386.68
8830,CA-2014-109680,VP-21760,386.34
4222,CA-2017-134565,TB-21400,385.8
4210,CA-2014-145387,AM-10705,385.69
1511,CA-2017-100384,NH-18610,385.6
4384,US-2015-122784,RA-19915,384.94
6484,CA-2017-113908,KN-16390,384.77
6258,CA-2017-141425,AR-10825,384.59
148,CA-2016-114489,JE-16165,384.45
3384,CA-2015-130659,MS-17365,384.17
3775,US-2014-102715,JK-15370,383.98
5066,CA-2017-142090,SC-20380,383.98
4306,CA-2014-162278,AH-10585,383.96
7923,CA-2017-134096,PP-18955,383.96
4036,US-2016-108777,JM-15655,383.95
4822,CA-2015-140025,PF-19120,383.95
6190,CA-2017-157903,AM-10705,383.84
418,CA-2016-148796,PB-19150,383.8
5577,CA-2016-136686,RF-19840,383.64
1882,CA-2015-109512,LF-17185,383.61
4544,CA-2015-126557,RL-19615,383.61
9963,CA-2015-168088,CM-12655,383.47
756,CA-2016-140928,NB-18655,383.44
1581,CA-2015-131338,NP-18325,382.81
3490,CA-2015-157322,RH-19600,382.12
7303,CA-2014-163468,JK-15730,381.72
668,CA-2017-132682,TH-21235,381.58
1574,US-2014-157385,SC-20095,381.44
9228,CA-2017-140515,GZ-14545,381.36
542,CA-2016-136924,ES-14080,380.86
4812,CA-2016-121370,EB-14110,380.06
7416,US-2016-114013,SC-20770,379.96
652,CA-2016-132661,SR-20740,379.4
8721,CA-2016-120824,AW-10930,379.37
7385,CA-2016-105732,AG-10270,378.0
2718,CA-2014-100006,DK-13375,377.97
2736,CA-2015-115798,KL-16645,377.97
2860,CA-2017-138975,SC-20380,377.97
3662,CA-2016-155005,SC-20050,377.97
5063,CA-2015-136798,DL-12925,377.97
3210,CA-2016-108882,LA-16780,377.93
5659,CA-2016-145261,AH-10120,377.45
9604,CA-2016-129861,DM-13345,376.87
6985,CA-2016-116526,JA-15970,376.74
8311,CA-2014-168312,GW-14605,376.51
385,US-2015-168935,DO-13435,375.46
3230,CA-2014-154641,KL-16645,375.34
4944,CA-2017-106782,LP-17095,375.34
566,CA-2017-137099,FP-14320,374.38
8354,CA-2017-132199,BO-11350,373.47
3999,CA-2015-105627,DK-12895,373.08
7387,CA-2016-105732,AG-10270,373.08
8364,CA-2017-147207,TS-21655,372.14
6609,CA-2016-148852,SV-20785,371.98
878,CA-2016-116736,CC-12430,371.97
2261,CA-2015-117611,MZ-17335,371.97
6374,CA-2017-143035,CC-12430,371.97
6840,CA-2017-107517,FC-14335,371.2
41,CA-2015-117415,SN-20710,371.17
1866,US-2017-116659,NG-18355,370.78
2665,CA-2016-164784,HF-14995,370.62
8467,CA-2015-101000,IG-15085,370.14
704,CA-2015-142027,JK-15370,369.91
611,CA-2016-161816,NB-18655,369.58
5992,US-2017-163300,ES-14020,369.54
9099,CA-2017-152933,MG-17650,369.54
9545,CA-2015-135251,RP-19270,369.2
7207,CA-2017-137414,CM-12115,369.16
2943,CA-2017-155880,JD-16150,368.97
3747,CA-2016-149979,RA-19915,368.97
6420,CA-2016-140130,HW-14935,368.97
1778,CA-2015-105347,DP-13000,368.91
5882,CA-2016-133935,JW-15220,368.91
8260,CA-2016-118101,SN-20560,368.91
6855,US-2017-162670,MF-18250,367.96
2433,CA-2014-148586,AZ-10750,366.79
7002,CA-2015-104871,DR-12940,366.74
8505,CA-2016-109400,NR-18550,366.74
8396,CA-2016-142594,EJ-14155,366.01
4791,CA-2015-104346,IM-15070,364.95
2325,CA-2015-109470,KC-16255,364.8
9059,CA-2015-149097,SV-20785,364.78
7254,CA-2016-152730,EM-14140,364.74
3883,CA-2015-129896,PF-19120,364.7
3375,CA-2015-161718,SO-20335,364.41
9746,CA-2017-137505,BP-11290,364.08
5834,CA-2016-142895,BP-11290,363.92
7055,CA-2016-165330,WB-21850,363.92
1426,CA-2015-124800,RW-19540,363.65
1160,CA-2017-147039,AA-10315,362.94
5238,CA-2014-166744,DN-13690,362.94
1085,US-2016-143819,KD-16270,362.92
7508,CA-2014-115889,SH-20395,362.92
1848,CA-2017-128370,FH-14275,362.35
8303,US-2017-167318,GZ-14545,362.35
7949,CA-2014-131009,SC-20380,362.25
9913,CA-2015-132388,KN-16390,362.14
3467,US-2015-147242,EH-13765,361.96
4505,US-2014-138247,BF-11170,361.96
254,CA-2016-146941,DL-13315,361.92
3377,CA-2015-161718,SO-20335,361.76
4397,CA-2016-148740,AH-10690,361.38
6352,CA-2017-161130,BF-11275,361.38
1756,CA-2015-135622,TT-21460,360.71
3727,CA-2016-165169,JL-15235,360.38
5976,CA-2017-102155,RR-19525,360.38
6240,CA-2015-134075,HA-14905,360.38
321,CA-2014-164973,NM-18445,360.0
3050,CA-2017-121419,TC-21475,360.0
2409,CA-2017-144589,TM-21010,359.98
3354,US-2014-150434,CA-12310,359.98
3922,CA-2016-110044,RF-19735,359.98
5625,CA-2016-121748,VW-21775,359.98
2263,CA-2017-122994,MV-17485,359.97
2726,CA-2017-149888,EP-13915,359.97
8064,CA-2016-132997,LW-17215,359.97
4768,CA-2015-123155,NS-18640,359.88
6741,CA-2014-144029,MM-18055,359.77
5080,US-2017-133312,BD-11500,359.5
8713,US-2015-145422,PW-19240,359.5
748,CA-2014-124429,MH-17785,359.32
9365,CA-2017-111591,PS-18970,359.32
1595,CA-2015-118423,DP-13390,359.06
1724,US-2015-123218,KD-16345,359.06
6825,CA-2015-154291,YS-21880,358.58
5385,CA-2017-161410,CC-12220,358.2
5449,US-2014-119081,TA-21385,357.93
5709,US-2015-160857,NW-18400,357.93
8243,CA-2014-109855,LH-16900,357.0
3890,CA-2014-100895,SV-20785,356.94
6664,CA-2017-162173,OT-18730,356.85
6921,CA-2017-121706,BM-11140,356.79
1095,CA-2015-165085,BT-11485,355.96
5751,CA-2014-145800,SS-20410,355.46
5671,CA-2015-141012,TG-21640,355.36
803,CA-2016-136133,HW-14935,355.32
1565,CA-2014-116239,CL-12565,354.9
3755,CA-2017-161956,DR-12880,354.9
6151,US-2016-106600,RM-19375,354.9
7246,CA-2017-145807,SB-20170,354.9
8333,CA-2016-153269,PS-18760,354.9
5765,CA-2015-117772,MC-17575,353.88
5228,CA-2016-119865,AS-10090,353.57
8610,CA-2014-151946,BT-11440,353.57
3911,CA-2015-167010,VT-21700,352.45
912,CA-2017-137596,BE-11335,352.38
5591,CA-2016-115224,DB-13615,352.38
4552,US-2014-165862,GK-14620,351.22
2014,CA-2016-145905,AM-10705,350.98
2683,CA-2017-127026,MH-18115,350.97
2727,CA-2017-149888,EP-13915,350.35
7555,CA-2014-114181,AF-10885,349.97
3209,CA-2016-108882,LA-16780,349.95
788,CA-2015-154620,LT-17110,348.93
1384,US-2016-108504,PP-18955,348.84
9091,US-2017-148831,AH-10210,348.56
5378,CA-2014-125542,NB-18655,348.49
1096,CA-2017-160423,PS-19045,348.21
1797,US-2017-139465,MR-17545,347.97
3145,US-2016-148110,AR-10825,347.8
7368,CA-2016-127243,DS-13180,347.8
5021,CA-2017-136511,MZ-17515,347.58
5374,CA-2015-118738,AG-10495,347.36
2441,CA-2016-146934,AF-10870,345.0
4002,CA-2014-116834,Dp-13240,345.0
8974,CA-2017-159226,RL-19615,344.98
6779,US-2016-147711,HF-14995,344.94
4184,US-2017-136868,CR-12820,344.91
4868,CA-2017-122490,TT-21070,344.91
8246,US-2014-143581,BS-11365,344.91
8711,CA-2014-119144,JD-16150,344.91
4715,CA-2017-121643,AB-10105,344.7
9194,CA-2015-141810,BB-10990,344.7
7917,CA-2015-110891,PO-19195,344.37
8453,CA-2016-125087,TH-21115,344.37
3016,US-2015-138919,LS-16975,344.22
4474,CA-2017-121300,MG-17680,344.22
1130,CA-2016-112102,BD-11605,343.92
7892,CA-2016-148684,TS-21655,343.85
6070,CA-2017-166695,CC-12430,343.2
3076,CA-2014-143903,KM-16375,342.86
1393,US-2016-108504,PP-18955,342.37
7238,CA-2016-164924,EA-14035,341.99
3317,CA-2017-161739,EB-13750,341.96
7681,CA-2014-133592,KM-16375,341.96
8803,CA-2016-140935,AB-10015,341.96
2052,CA-2015-142237,CK-12595,341.49
472,CA-2014-144666,JP-15520,340.92
9710,CA-2016-161746,CS-11950,340.92
6150,CA-2017-101322,JG-15310,340.7
7364,CA-2016-127243,DS-13180,340.18
174,CA-2014-118962,CS-12130,340.14
5278,CA-2014-113859,BC-11125,340.12
110,CA-2015-129476,PA-19060,339.96
2534,CA-2014-111500,DJ-13510,339.96
6338,CA-2016-165995,BG-11740,339.96
7219,CA-2015-150770,LC-16870,339.96
7275,CA-2015-144519,AW-10930,339.96
9770,CA-2016-123533,SC-20050,339.92
4076,CA-2017-108112,DK-12895,339.14
5999,US-2014-112991,SH-19975,338.35
1205,CA-2016-114727,LS-16945,338.04
1733,US-2016-131149,LH-17155,338.04
6355,US-2015-109015,BS-11590,337.98
7880,CA-2016-155747,JS-15685,337.18
9042,CA-2014-114335,XP-21865,337.09
987,CA-2017-100314,AS-10630,336.51
3777,US-2014-102715,JK-15370,335.94
8195,CA-2015-141327,LR-16915,335.74
7630,CA-2014-162089,MP-17470,335.72
822,CA-2014-140858,CA-12775,335.52
1547,CA-2015-111395,VB-21745,335.52
8820,CA-2015-142930,EB-14170,335.52
3638,CA-2016-145177,PP-18955,334.88
1414,CA-2014-146640,HA-14905,334.77
4939,CA-2014-157147,BD-11605,334.0
5246,CA-2016-156265,BF-11020,333.58
5766,US-2014-126340,EB-13870,333.58
6655,CA-2017-135937,KM-16375,333.58
4478,CA-2017-130211,BD-11620,333.09
2010,CA-2014-116407,JF-15190,333.06
3796,US-2014-117163,EJ-13720,333.0
792,CA-2015-115938,SA-20830,332.94
5240,CA-2016-116561,EB-14110,332.94
6422,CA-2016-140130,HW-14935,332.94
9258,CA-2014-168368,GA-14725,332.94
9756,CA-2017-113705,LC-16870,332.94
6508,US-2016-128909,SP-20545,332.83
6156,CA-2017-151484,CV-12805,332.7
4230,CA-2017-100223,LS-16945,332.03
5451,US-2014-119081,TA-21385,331.96
5725,CA-2014-103191,VG-21805,331.54
7727,CA-2016-113978,TS-21505,331.54
7202,CA-2016-104276,HF-14995,331.02
2229,CA-2016-139157,GM-14680,330.59
9900,US-2014-117380,MP-18175,330.59
642,CA-2017-167913,JL-15835,330.4
3555,CA-2014-120838,PO-18865,330.4
6196,CA-2017-113453,CM-12160,329.99
5353,CA-2016-123932,YC-21895,329.58
3307,CA-2014-104738,SP-20620,328.78
5998,CA-2016-162187,NS-18640,328.59
6537,CA-2014-169684,FH-14365,328.59
5176,CA-2017-106432,CA-12265,328.4
265,CA-2016-125318,RC-19825,328.22
6128,CA-2016-124100,EH-13990,328.0
2594,CA-2017-128300,RS-19765,327.84
598,CA-2014-131450,LR-16915,327.76
6291,US-2015-139675,NF-18595,327.76
3024,CA-2017-124674,JB-16000,327.73
6551,CA-2015-126739,JH-16180,327.56
9722,CA-2016-105781,JF-15565,326.65
4543,CA-2017-113474,TM-21490,325.86
7627,US-2015-159499,EM-14095,325.63
2087,CA-2016-140501,IM-15070,324.9
3247,US-2017-140907,BP-11185,324.9
7801,CA-2017-157413,BW-11065,324.74
903,CA-2017-132353,DB-13060,323.98
4323,US-2015-147662,KB-16315,323.98
6161,CA-2014-103989,MC-17605,323.98
9522,CA-2014-169446,SG-20605,323.98
2754,CA-2015-155306,GA-14515,323.37
5534,US-2016-167472,CK-12595,323.37
907,CA-2017-143259,PO-18865,323.14
2112,CA-2015-164882,SG-20080,323.14
2561,CA-2015-147788,TM-21010,323.1
2637,CA-2015-162369,TT-21265,323.1
4277,CA-2017-151358,NF-18595,323.1
9680,CA-2015-130113,AH-10030,323.1
876,CA-2016-116736,CC-12430,322.59
4147,CA-2015-136196,TP-21415,322.59
9064,US-2014-151015,BD-11500,322.19
3749,CA-2017-161956,DR-12880,321.92
250,CA-2016-154739,LH-17155,321.57
961,CA-2017-152142,LW-16990,321.57
4469,CA-2017-168641,KA-16525,321.57
9462,CA-2014-100867,EH-14125,321.55
1984,CA-2014-164721,LW-16825,320.88
7855,CA-2017-135587,BH-11710,320.64
6650,US-2017-124779,BF-11020,319.98
9483,CA-2015-158351,BC-11125,319.98
2234,CA-2015-123232,DJ-13630,319.97
6554,CA-2014-137092,LS-16975,319.97
7694,CA-2014-102330,AI-10855,319.97
9831,CA-2014-113257,SC-20305,319.97
4182,US-2017-136868,CR-12820,319.96
6575,CA-2016-160535,BP-11050,319.92
2576,CA-2014-129091,RA-19885,319.9
9169,CA-2016-140571,SJ-20125,319.76
58,CA-2016-111682,TB-21055,319.41
7099,CA-2017-144596,CD-11980,318.96
3239,US-2016-127971,DW-13195,318.43
7451,CA-2017-105669,SJ-20125,318.43
3225,CA-2014-108189,ES-14080,318.4
9079,CA-2016-108105,GW-14605,318.08
3245,CA-2017-113355,SJ-20215,317.06
6570,CA-2014-100678,KM-16720,317.06
6766,CA-2017-100615,SJ-20215,317.06
9372,CA-2015-111339,VP-21760,317.06
651,CA-2016-160745,AR-10825,316.0
2303,CA-2016-106558,DL-13495,316.0
9202,CA-2016-152688,NR-18550,315.98
7270,CA-2016-133368,AG-10675,315.78
9113,CA-2014-132010,MA-17995,315.2
9031,CA-2017-128041,RW-19540,314.6
2163,CA-2017-166296,KF-16285,314.55
4408,CA-2016-100041,BF-10975,314.55
4487,CA-2016-109365,XP-21865,314.55
5173,CA-2016-122903,LA-16780,314.55
6105,US-2017-132381,Dp-13240,314.53
2872,CA-2014-148040,BF-11275,314.35
3821,CA-2017-141873,HG-14845,314.35
6044,CA-2017-145702,AH-10075,314.35
9335,CA-2017-110198,AG-10900,314.35
8213,CA-2016-116337,MC-17845,314.09
9359,CA-2016-168046,JD-15895,313.72
438,CA-2016-147375,PO-19180,313.49
5924,CA-2016-130288,DK-13225,313.18
7396,CA-2016-110975,DB-12970,313.18
2550,US-2015-128090,JM-15865,313.02
2685,CA-2017-137085,CT-11995,312.55
8895,CA-2016-167241,BD-11320,312.03
3919,US-2017-142573,ML-17410,311.98
6268,CA-2015-115392,RM-19675,311.98
7831,CA-2015-137302,BW-11110,311.98
6390,CA-2015-147529,DK-12835,311.15
769,CA-2014-106810,AJ-10795,310.88
1689,CA-2017-143798,AW-10840,310.88
8072,CA-2017-151750,JM-15250,310.74
8397,CA-2014-152254,BD-11620,310.69
2092,CA-2017-166142,MM-17260,310.44
6036,US-2015-155369,PG-18820,310.39
2906,CA-2014-127586,CS-12400,310.12
9738,CA-2017-129294,KD-16615,310.12
1363,CA-2017-125199,HM-14860,309.58
7079,CA-2016-106950,JE-15715,309.46
2797,CA-2014-154599,KN-16450,308.5
714,US-2017-100048,RS-19765,307.98
1580,CA-2015-131338,NP-18325,307.98
8163,CA-2015-120915,JJ-15445,307.98
8815,CA-2015-144274,PW-19240,307.98
2886,US-2016-159856,EP-13915,307.92
5338,CA-2017-111577,AJ-10780,307.78
1715,CA-2017-104003,DC-13285,307.67
8056,CA-2015-121188,CB-12025,307.67
9625,CA-2017-137449,ME-17725,307.31
7796,CA-2015-112711,FM-14380,307.17
416,CA-2017-142636,KC-16675,307.14
7837,CA-2015-149083,SH-19975,307.14
5372,US-2017-136721,NH-18610,306.9
2277,CA-2014-104283,LM-17065,306.2
8710,CA-2014-119144,JD-16150,305.97
2172,US-2017-137491,LC-16930,305.31
2944,CA-2017-126242,MC-18100,305.01
7290,CA-2016-153661,SC-20725,305.01
9481,CA-2014-126193,SS-20410,304.99
5843,CA-2015-126725,BS-11665,304.9
6284,CA-2016-100944,EH-13765,304.9
4194,CA-2015-150875,HK-14890,304.78
2004,CA-2017-163510,JW-15955,304.45
4317,CA-2015-115945,AB-10165,304.23
8430,CA-2016-118129,CL-12565,303.92
4852,CA-2014-107818,MC-17275,303.84
4376,CA-2014-166954,BT-11305,303.25
4424,CA-2017-159464,TB-21355,302.94
4696,US-2015-138121,JL-15835,302.94
6588,CA-2017-104731,AM-10705,302.94
8521,CA-2017-118003,DO-13645,302.94
9593,US-2016-105452,BF-11005,302.72
5028,US-2017-130953,RF-19735,302.67
6522,CA-2017-138289,AR-10540,302.67
7248,US-2014-127978,JS-15595,302.45
219,CA-2016-130162,JH-15910,302.38
650,CA-2016-160745,AR-10825,302.38
1879,CA-2017-118885,JG-15160,302.38
2714,CA-2014-110100,LC-16885,302.38
2822,CA-2017-100202,BD-11620,302.38
4086,CA-2016-111913,LC-16930,302.38
4592,CA-2016-129868,MC-18130,302.38
6438,US-2017-116897,JG-15160,302.38
8464,CA-2014-100881,DR-12940,302.38
9424,CA-2014-145254,NC-18535,302.38
86,CA-2017-140088,PO-18865,301.96
623,CA-2015-138009,SF-20965,301.96
830,CA-2017-129462,JE-15745,301.96
2416,CA-2015-146087,PP-18955,301.96
5163,CA-2016-115378,AJ-10945,301.96
5860,CA-2015-108119,MS-17530,301.96
9130,CA-2016-130911,DC-12850,301.47
9220,US-2015-164238,JW-15955,301.47
7636,US-2017-158526,KH-16360,300.98
2494,CA-2016-146206,KT-16480,300.93
1355,CA-2017-162978,LW-16990,300.9
8696,CA-2017-127096,CS-12400,300.9
633,US-2016-135720,FM-14380,300.77
2826,US-2014-112914,MT-18070,300.53
294,CA-2014-111451,KL-16555,300.42
8254,CA-2017-152310,DK-12895,299.99
5073,CA-2014-124478,MA-17560,299.98
6382,CA-2016-127236,TB-21595,299.98
9094,US-2015-132836,AJ-10945,299.98
715,US-2017-100048,RS-19765,299.97
2738,CA-2015-115798,KL-16645,299.97
5950,CA-2017-161046,CB-12535,299.97
8841,CA-2014-153808,FH-14275,299.97
8959,CA-2017-150266,RO-19780,299.96
8002,CA-2015-110870,KD-16270,299.94
1919,CA-2015-123673,CH-12070,299.9
8295,US-2017-146906,MT-17815,299.9
8336,CA-2017-161655,CW-11905,299.52
2821,CA-2016-160500,DM-13015,298.78
3107,CA-2017-127460,FG-14260,298.46
7930,CA-2017-167549,EM-14200,298.12
1665,CA-2016-128531,NS-18505,297.58
9893,US-2016-115441,SH-19975,297.55
1961,CA-2017-110905,RW-19690,296.85
9724,CA-2014-101364,TW-21025,296.71
723,CA-2016-142335,MP-17965,296.37
5307,US-2016-168410,BV-11245,296.37
6489,CA-2015-120621,JW-16075,295.46
9090,CA-2016-131093,TS-21610,295.4
8045,CA-2017-165008,DO-13645,295.06
588,CA-2015-128139,BD-11725,294.93
1996,US-2017-147221,JS-16030,294.62
8210,CA-2015-141565,BG-11035,294.37
8162,CA-2015-120915,JJ-15445,293.52
1763,CA-2015-130785,AG-10900,293.2
1268,US-2014-167738,JC-16105,292.27
7299,CA-2014-163468,JK-15730,292.1
9757,CA-2017-113705,LC-16870,292.1
432,US-2016-123750,RB-19795,291.96
1970,CA-2017-117485,BD-11320,291.96
6227,CA-2015-133445,JF-15490,291.17
7731,CA-2017-104850,TW-21025,291.14
6540,CA-2015-109862,HK-14890,291.1
4515,CA-2016-120873,BW-11200,290.98
327,US-2016-141544,PO-18850,290.9
1611,CA-2014-156349,ML-17395,290.67
3366,CA-2014-115161,LC-17050,290.67
7140,CA-2015-163965,SS-20875,290.35
9872,CA-2017-146269,MH-17455,290.34
2049,CA-2015-142237,CK-12595,289.8
6492,CA-2016-113845,FA-14230,289.57
7003,CA-2014-133158,DW-13195,289.24
308,CA-2014-111003,CR-12625,289.2
3069,CA-2017-106859,BF-11215,288.24
8769,CA-2015-151722,IL-15100,288.0
8779,CA-2017-135377,BP-11095,287.98
1305,US-2017-126179,CS-12460,287.97
2291,CA-2015-149342,TS-21160,287.97
3533,CA-2014-110849,JL-15835,287.97
3983,CA-2016-135265,CC-12370,287.97
5130,CA-2014-160766,DM-13015,287.97
848,CA-2015-114300,AF-10885,287.94
427,CA-2017-149160,JM-15265,287.92
4004,CA-2016-145730,CC-12220,287.91
9107,CA-2015-163181,AB-10105,287.91
6013,CA-2015-135580,CL-12565,287.88
8560,CA-2016-132829,LA-16780,287.88
1137,CA-2016-152170,FH-14275,287.52
2862,CA-2017-138975,SC-20380,286.93
6514,CA-2017-167640,FC-14245,286.93
9727,CA-2017-167395,KM-16720,286.86
8419,CA-2017-118199,LB-16795,286.85
3463,CA-2015-152611,KA-16525,286.79
7315,CA-2016-121377,TN-21040,286.4
1302,CA-2016-137043,LC-17140,286.38
3991,CA-2014-137589,MS-17770,286.34
1965,CA-2017-110905,RW-19690,286.29
7725,CA-2016-113978,TS-21505,286.26
6380,CA-2017-150623,DB-13360,286.15
9439,CA-2017-126144,GM-14680,285.58
1322,CA-2017-167703,MC-17575,285.55
5823,CA-2017-117632,CS-12175,285.48
5637,CA-2017-123022,SC-20050,284.97
691,US-2014-117135,NP-18325,284.82
454,CA-2017-147277,EB-13705,284.36
3157,CA-2015-139584,EM-13810,284.36
8140,CA-2016-102561,NK-18490,284.08
540,CA-2015-134894,DK-12985,283.92
800,CA-2015-101910,CD-11920,283.92
2072,US-2017-110996,KA-16525,283.92
4942,CA-2015-156482,IL-15100,283.92
9032,CA-2017-128041,RW-19540,283.56
4672,CA-2016-133550,KL-16645,283.14
1053,US-2015-153500,DG-13300,282.89
9610,CA-2016-130638,SC-20095,282.84
1967,CA-2017-165841,DB-13210,281.97
9649,CA-2014-150518,MW-18220,281.97
3266,US-2014-126571,JF-15565,281.9
1357,US-2014-160444,DC-12850,281.42
3406,US-2014-150119,LB-16795,281.37
3407,US-2014-150119,LB-16795,281.37
713,US-2017-100048,RS-19765,281.34
2309,US-2017-120418,BC-11125,280.79
871,CA-2016-158099,PK-18910,280.78
5421,US-2016-151827,CS-11950,280.78
487,CA-2017-140963,MT-18070,279.96
5816,CA-2014-124730,LS-17245,279.96
8693,CA-2016-136770,SP-20650,279.96
9074,CA-2016-142524,MB-18085,279.95
2100,CA-2017-124401,RD-19900,279.94
3894,US-2016-144547,MS-17770,279.94
1118,CA-2015-142755,CS-12355,279.9
4784,US-2017-147984,GB-14575,279.9
6509,CA-2017-102197,DK-13150,279.9
6500,CA-2015-103135,SS-20515,279.86
6629,CA-2015-135489,GW-14605,279.86
5355,CA-2014-113768,AH-10030,279.46
3468,US-2015-147242,EH-13765,278.82
1281,CA-2016-160815,TR-21325,278.4
8180,CA-2015-112767,DK-12985,277.5
2333,CA-2017-169285,RW-19690,277.4
3604,CA-2017-112956,TH-21550,277.4
7097,CA-2016-101980,RP-19390,276.78
8067,CA-2016-132997,LW-17215,276.78
9086,CA-2016-126102,DV-13465,276.78
9597,CA-2017-104619,KD-16495,276.78
4050,CA-2017-136350,GA-14515,276.69
7497,CA-2017-121048,TC-21295,276.69
8888,CA-2014-169642,BB-10990,276.28
1976,CA-2014-110408,AS-10225,275.97
4728,CA-2014-119151,MP-18175,275.95
320,CA-2014-164973,NM-18445,275.94
167,CA-2014-139892,BM-11140,275.93
7155,US-2015-136749,LH-16900,275.88
2985,US-2014-112872,RC-19960,275.49
6755,CA-2016-154767,BP-11155,275.24
5690,CA-2015-119550,RB-19705,275.06
6861,CA-2017-128965,PS-18760,274.89
6141,CA-2017-121083,JF-15190,274.8
9783,CA-2015-149748,EM-13825,274.8
4043,CA-2014-110786,AJ-10795,274.77
7221,CA-2017-154760,BP-11290,274.49
8432,CA-2017-155621,KN-16450,274.2
8999,CA-2017-122763,HG-14845,274.06
3781,CA-2014-149643,RH-19510,273.96
5371,US-2017-136721,NH-18610,273.96
8963,CA-2016-157280,LW-17125,273.96
6711,CA-2016-149503,SP-20650,273.92
1912,CA-2017-121503,FH-14275,273.9
7271,CA-2016-123337,KD-16495,273.67
9711,CA-2014-114251,MD-17350,273.57
9956,CA-2015-141593,DB-12970,273.57
5629,CA-2017-148810,DR-12880,273.55
2426,US-2017-147669,SV-20935,273.06
9370,CA-2017-113460,KN-16390,272.97
1169,CA-2017-145226,DL-13315,272.94
4675,CA-2016-133550,KL-16645,272.94
6328,CA-2014-167927,XP-21865,272.94
6761,CA-2017-100636,DO-13435,272.94
1873,CA-2014-116932,ME-18010,272.85
741,CA-2014-112326,PO-19195,272.74
7864,CA-2015-143364,TG-21310,272.74
6091,CA-2017-100111,SV-20365,272.65
9883,CA-2014-153927,LL-16840,272.61
6052,CA-2015-153878,TS-21655,272.4
7898,CA-2017-128363,DC-12850,272.05
1932,CA-2016-152121,CC-12670,271.99
3412,CA-2016-100244,GM-14695,271.98
8788,CA-2017-145765,CM-11815,271.97
1206,CA-2017-133235,LH-16750,271.96
6585,CA-2017-104731,AM-10705,271.96
9974,US-2016-103674,AP-10720,271.96
8004,CA-2014-143210,AA-10645,271.9
3315,CA-2017-169978,HG-15025,271.76
3420,CA-2015-150791,CC-12430,271.76
8972,CA-2017-122308,MV-17485,271.76
4561,CA-2015-118871,HM-14860,271.44
6012,CA-2015-135580,CL-12565,271.44
4377,CA-2014-166954,BT-11305,270.72
6076,CA-2017-121398,FH-14365,270.62
3903,US-2015-119312,CS-12400,270.34
5436,CA-2015-160171,RM-19675,270.0
3782,CA-2015-135314,MC-17575,269.98
4526,US-2017-105046,BE-11335,269.98
9737,US-2015-100069,NF-18475,269.98
2036,CA-2017-162481,CT-11995,269.97
6801,CA-2016-109827,LW-16825,269.97
9264,CA-2015-124499,FM-14380,269.91
4907,US-2014-146353,JE-15610,269.9
2449,CA-2015-128027,CM-12385,269.49
5587,CA-2017-105333,VP-21730,269.49
8091,CA-2014-101392,AS-10630,269.36
4722,CA-2014-106229,NR-18550,268.94
7909,CA-2016-149762,RD-19720,268.7
9745,CA-2017-141782,BE-11410,268.58
7756,CA-2017-100902,CK-12595,268.24
5344,US-2014-168501,JK-15325,267.96
6713,CA-2017-107629,DB-13060,266.35
7532,CA-2016-107146,LC-16885,266.35
8814,CA-2015-127754,CK-12760,266.35
2321,CA-2017-165491,HW-14935,265.93
6673,CA-2015-153794,SB-20290,265.86
6994,CA-2015-109386,RH-19600,265.86
836,CA-2016-165316,JB-15400,265.48
3112,CA-2016-121671,AA-10480,265.17
2516,CA-2014-106572,NP-18700,264.32
7608,CA-2017-121195,NS-18505,264.32
8172,CA-2016-146150,FM-14380,264.18
1425,CA-2015-124800,RW-19540,263.96
2917,CA-2015-134747,DL-12925,263.96
4847,CA-2014-164469,GK-14620,263.96
5705,US-2014-123519,SS-20875,263.96
8001,US-2015-151407,RD-19585,263.96
8063,CA-2016-132997,LW-17215,263.96
450,CA-2016-166674,RB-19360,263.88
1438,CA-2015-139731,JE-15745,263.88
3154,CA-2015-147830,NF-18385,262.86
3329,CA-2014-165309,KD-16270,262.34
3421,CA-2016-134803,CL-12565,262.24
5951,CA-2017-161046,CB-12535,262.24
1832,CA-2017-145884,SL-20155,262.11
1,CA-2016-152156,CG-12520,261.96
6463,US-2017-133361,AJ-10780,261.96
2657,CA-2017-112515,AS-10225,261.74
7466,CA-2016-103709,LP-17095,261.74
7671,CA-2015-130974,MA-17560,259.98
5899,CA-2016-167682,ZD-21925,259.96
6786,CA-2017-121293,JC-15775,259.92
6887,CA-2017-123036,HA-14905,259.9
8691,CA-2016-136770,SP-20650,259.9
9158,CA-2014-134215,ML-17395,259.74
2297,CA-2015-113145,VD-21670,259.7
2103,CA-2014-123295,AH-10120,259.14
2973,CA-2017-167941,JF-15565,259.14
4151,CA-2017-106068,RB-19330,259.14
3663,US-2017-129777,FM-14290,258.9
7637,US-2017-158526,KH-16360,258.75
1180,CA-2016-168081,CA-12055,258.7
1219,US-2017-118087,SP-20620,258.7
5180,US-2015-120502,BT-11395,258.58
9992,CA-2017-121258,DB-13060,258.58
3127,CA-2017-149895,EB-14110,258.53
4625,CA-2017-147228,SO-20335,258.48
1351,CA-2014-153976,BP-11290,258.28
235,US-2017-100930,CS-12400,258.07
2446,CA-2016-146934,AF-10870,257.98
2783,CA-2016-139878,LD-17005,257.98
6143,CA-2017-121083,JF-15190,257.98
7371,CA-2014-107769,BT-11395,257.98
7132,CA-2017-141439,TT-21460,257.94
2744,CA-2015-140144,SC-20770,257.64
1861,US-2017-121251,GM-14440,257.57
3986,CA-2016-108735,JM-15535,257.5
9200,CA-2014-103310,GM-14680,256.78
292,CA-2016-110772,NZ-18565,255.98
1468,CA-2015-100769,TH-21550,255.97
1723,US-2015-123218,KD-16345,255.97
5522,CA-2017-117667,MS-17980,255.97
1222,CA-2014-110184,BF-11170,255.94
9275,US-2014-134054,FC-14335,255.85
498,CA-2016-126158,SC-20095,255.76
1260,US-2016-168620,RB-19795,255.68
9159,CA-2014-134215,ML-17395,255.42
3951,CA-2016-119963,SN-20710,255.11
1248,CA-2014-168494,NP-18700,254.97
2880,CA-2016-152072,Dp-13240,254.97
6867,US-2016-126452,SC-20230,254.97
3181,CA-2017-105235,SM-20950,254.9
7983,CA-2014-113383,SF-20065,254.9
468,US-2015-101399,JS-15940,254.74
1046,CA-2017-152702,SN-20710,254.6
1949,CA-2017-157987,AC-10615,254.53
2148,US-2016-152051,TS-21160,254.35
3027,CA-2017-169054,MO-17800,254.35
7975,US-2015-126753,SP-20860,254.35
1808,US-2016-116729,GK-14620,254.24
287,CA-2016-112697,AH-10195,254.06
4918,CA-2017-163125,MB-17305,254.06
6762,CA-2016-162943,DB-12970,253.76
2375,CA-2016-159940,BF-11020,253.37
4382,CA-2015-152891,TB-21625,253.18
9436,CA-2015-119627,SC-20725,252.8
3085,CA-2017-118773,TP-21415,252.78
927,CA-2014-132962,JM-15535,252.0
2371,CA-2017-155152,MP-17965,252.0
7359,US-2014-115189,AR-10345,251.96
7631,CA-2014-162089,MP-17470,251.94
2067,CA-2014-106439,GG-14650,251.91
4019,CA-2015-165624,FH-14350,251.91
1402,CA-2016-159212,KM-16375,251.79
1284,CA-2017-122154,SA-20830,251.64
3798,CA-2017-121314,BE-11410,251.64
6665,CA-2017-162173,OT-18730,251.58
324,CA-2016-162138,GK-14620,251.52
3439,CA-2017-152583,RA-19945,251.01
549,CA-2015-113173,DK-13225,250.27
7715,CA-2014-150203,JB-15925,250.26
3719,CA-2016-142370,TP-21130,249.95
5251,US-2016-169369,EC-14050,249.95
5448,US-2016-127425,DR-12880,249.95
1221,CA-2014-110184,BF-11170,249.75
3120,CA-2015-121720,JE-15610,249.58
5747,CA-2016-113733,LH-16900,249.58
9415,CA-2015-127824,JC-15775,249.58
9977,US-2016-103674,AP-10720,249.58
4479,CA-2017-130211,BD-11620,248.98
3290,CA-2015-157770,RD-19585,248.85
2587,CA-2017-131695,RA-19285,248.57
8112,CA-2016-130393,JM-15865,248.43
2938,US-2016-169040,GT-14710,248.08
7164,CA-2014-122070,AH-10030,247.84
436,US-2014-150574,MK-18160,247.8
1589,CA-2015-131338,NP-18325,247.8
6330,CA-2014-167927,XP-21865,247.72
6242,CA-2017-141572,LO-17170,247.44
8692,CA-2016-136770,SP-20650,247.19
1525,CA-2015-144806,GH-14425,247.1
392,US-2014-135972,JG-15115,246.38
2590,CA-2016-137729,BF-11005,246.17
9089,CA-2015-150308,RR-19525,246.17
4285,CA-2015-105690,CA-11965,246.13
5592,CA-2014-164742,ML-17395,245.98
5988,CA-2016-163776,JS-16030,245.94
4831,CA-2014-120278,MS-17365,245.88
5879,CA-2014-152443,FG-14260,245.88
7033,CA-2016-145548,EB-13750,245.65
6494,CA-2016-113845,FA-14230,244.77
9298,US-2015-163433,MP-17965,244.77
3343,CA-2016-145982,TB-21055,244.62
1935,CA-2017-101245,LW-16990,244.55
4458,CA-2017-115175,MC-17575,244.55
4651,CA-2017-150987,AH-10120,244.55
5339,CA-2015-146486,DV-13465,244.55
6897,CA-2017-164756,SS-20140,244.55
1462,US-2016-128902,MB-18085,244.01
2975,CA-2015-137512,AG-10675,244.01
128,US-2017-107272,TS-21610,243.99
6567,CA-2017-131282,CB-12025,243.99
4843,CA-2017-118402,JO-15280,243.92
5580,CA-2017-137498,LC-17050,243.92
3010,CA-2016-115525,RR-19525,243.88
631,US-2016-135720,FM-14380,243.38
9994,CA-2017-119914,CC-12220,243.16
445,CA-2016-115756,PK-19075,242.94
733,CA-2017-131954,DS-13030,242.94
855,CA-2016-123274,GT-14710,242.94
3109,CA-2016-121671,AA-10480,242.94
4636,CA-2017-116288,BS-11380,242.94
4964,CA-2014-156587,AB-10015,242.94
1717,CA-2016-169943,BN-11515,242.9
8256,CA-2017-152310,DK-12895,242.62
1541,CA-2017-121888,CL-11890,242.48
3101,CA-2017-131233,CS-12355,242.35
4692,CA-2014-138681,CT-11995,242.35
7541,US-2017-112347,BS-11380,242.35
9830,US-2017-152842,NF-18385,242.35
7879,CA-2016-160241,DR-12940,242.18
9707,CA-2016-161746,CS-11950,242.14
2123,CA-2017-167381,EH-14005,241.96
2216,CA-2017-129378,NS-18505,241.96
3763,CA-2016-156251,TS-21160,241.96
6402,CA-2017-125472,BD-11725,241.96
4684,CA-2016-159912,GB-14530,241.92
499,CA-2016-126158,SC-20095,241.57
3130,CA-2014-136399,CC-12100,241.57
6482,CA-2017-140872,NR-18550,241.57
7835,CA-2015-106257,EB-14110,241.57
8383,CA-2016-163048,MH-17440,241.5
3264,CA-2014-140662,TS-21205,241.44
9168,CA-2016-100300,MJ-17740,241.44
8530,CA-2017-137624,ME-17320,241.42
3929,CA-2016-162082,JS-15880,241.33
3331,CA-2014-165309,KD-16270,241.18
6815,CA-2017-156237,PS-18760,241.17
3869,CA-2015-132486,JF-15355,240.78
5973,CA-2017-115105,BD-11770,240.78
8446,CA-2017-125451,AH-10075,240.74
6367,CA-2017-144848,DS-13030,240.37
1387,US-2016-108504,PP-18955,239.98
2357,CA-2015-111514,SC-20260,239.98
3166,CA-2014-153969,HF-14995,239.98
4473,CA-2017-121300,MG-17680,239.98
5029,CA-2014-151792,CV-12295,239.98
6287,CA-2016-121020,CG-12040,239.98
6795,CA-2015-145394,MC-17605,239.98
8697,CA-2017-119284,TS-21205,239.98
8749,CA-2017-128076,BO-11350,239.98
8931,US-2015-168704,FP-14320,239.98
9613,CA-2016-110086,BD-11320,239.98
823,CA-2017-101434,TR-21325,239.97
1415,CA-2017-115994,BT-11305,239.97
2758,CA-2016-127775,ES-14020,239.97
3889,CA-2014-100895,SV-20785,239.97
4865,CA-2017-163531,SC-20725,239.97
5514,CA-2015-103177,EN-13780,239.97
8068,US-2015-160563,NS-18640,239.97
8881,US-2015-107944,AM-10360,239.97
9762,CA-2014-121762,ML-17395,239.97
5038,CA-2017-141719,EG-13900,239.96
5483,CA-2017-105487,CS-12250,239.96
5518,CA-2017-117667,MS-17980,239.96
1366,US-2017-155425,AB-10600,239.95
9004,CA-2015-102855,JF-15415,239.94
8554,US-2017-102904,CB-12025,239.92
4811,CA-2015-151589,RE-19450,239.9
6602,CA-2014-154095,ON-18715,239.84
285,CA-2015-130883,TB-21520,239.8
4581,CA-2015-164427,AR-10405,239.7
5859,US-2017-153255,JK-15730,239.67
6616,CA-2016-123512,MV-18190,239.67
9602,CA-2016-117604,JP-15520,239.5
7513,US-2017-161935,JL-15835,239.46
8157,CA-2016-131296,MS-17830,239.37
8944,CA-2017-111717,SW-20245,239.36
6031,US-2017-152492,AH-10585,239.24
2025,US-2017-111241,GM-14500,239.12
104,US-2015-156867,LC-16870,238.9
5821,CA-2017-117632,CS-12175,238.62
9764,CA-2014-121762,ML-17395,238.62
130,US-2016-125969,LS-16975,238.56
6046,CA-2015-113215,CP-12085,238.15
1956,CA-2017-157987,AC-10615,238.0
3866,CA-2014-124709,GW-14605,238.0
8155,US-2017-143770,RD-19720,238.0
7444,CA-2014-109932,VP-21760,237.1
9901,CA-2017-117646,SC-20845,237.1
4032,CA-2016-169957,SN-20710,236.88
7441,US-2017-163657,JL-15235,236.53
7169,CA-2014-117464,NP-18325,236.5
7576,CA-2015-129532,YS-21880,236.0
7859,CA-2014-103429,LW-16825,235.95
635,CA-2017-144694,BD-11605,235.94
6905,CA-2017-111220,JS-15595,235.92
9798,CA-2015-128608,CS-12490,235.19
6204,CA-2016-133669,SV-20935,235.15
8097,CA-2017-133046,DK-13375,234.95
5631,CA-2014-127614,NF-18385,234.45
5952,CA-2017-161046,CB-12535,234.36
232,US-2017-100930,CS-12400,233.86
2151,US-2017-139969,AF-10870,233.06
3695,CA-2016-142097,QJ-19255,232.96
4031,CA-2017-124296,CS-12355,232.88
7825,CA-2014-125150,PW-19030,232.88
5121,CA-2014-149538,KB-16585,232.55
3311,CA-2016-111416,LW-17215,232.4
8401,CA-2015-110814,BD-11635,232.4
4920,CA-2016-160304,BM-11575,231.98
4000,US-2015-149629,MP-17965,231.92
7535,US-2017-134642,SW-20245,231.92
6590,CA-2017-104731,AM-10705,231.72
8687,CA-2016-144015,AH-10075,231.72
85,US-2017-119662,CS-12400,230.38
2422,CA-2016-155551,CR-12580,230.38
3228,CA-2014-108189,ES-14080,230.38
295,CA-2014-111451,KL-16555,230.35
6710,CA-2015-123141,GZ-14470,230.35
2615,CA-2014-147298,AG-10300,230.28
3752,CA-2017-161956,DR-12880,230.28
4553,US-2014-106334,JF-15490,230.28
7932,US-2016-168095,MC-17425,230.28
6389,CA-2014-134103,MV-18190,229.94
