customer_id,customer_name,email,registration_date,customer_type
CUST00001,Diya Patel,diya.patel32@mailbox.net,2025-05-09,REGULAR
CUST00002,Vivaan Rossi,vivaan.rossi76@inbox.co,2024-10-29,REGULAR
CUST00003,Isha Gill,isha.gill65@example.com,2025-03-27,REGULAR
CUST00004,Jonas Grant,jonas.grant58@shopmail.org,2025-03-14,PREMIUM
CUST00005,Aarav Verma,aarav.verma44@shopmail.org,2025-10-07,REGULAR
CUST00006,Freya Reddy,freya.reddy49@example.com,2024-11-03,REGULAR
CUST00007,Ivan Novak,ivan.novak94@inbox.co,2024-09-14,REGULAR
CUST00008,Noah Bose,noah.bose38@shopmail.org,2026-02-17,REGULAR
CUST00009,Kabir Nair,kabir.nair99@shopmail.org,2025-03-22,VIP
CUST00010,Yash Reddy,yash.reddy36@inbox.co,2025-08-25,PREMIUM
CUST00011,Chloe Verma,chloe.verma46@mailbox.net,2025-08-15,PREMIUM
CUST00012,Kabir Verma,kabir.verma94@mailbox.net,2026-01-29,REGULAR
CUST00013,Noah Cole,noah.cole29@shopmail.org,2026-02-22,PREMIUM
CUST00014,Meera Bhatt,meera.bhatt41@inbox.co,2024-09-02,REGULAR
CUST00015,Tara Tanaka,tara.tanaka28@inbox.co,2025-06-19,REGULAR
CUST00016,Ruby Rao,ruby.rao18@mailbox.net,2025-04-29,PREMIUM
CUST00017,Jonas Novak,jonas.novak55@inbox.co,2026-03-22,REGULAR
CUST00018,Arjun Vaughn,arjun.vaughn12@example.com,2025-12-19,PREMIUM
CUST00019,Sara Verma,sara.verma77@example.com,2025-10-07,REGULAR
CUST00020,Milo Blake,milo.blake33@example.com,2026-01-24,PREMIUM
CUST00021,Diya Rossi,diya.rossi99@shopmail.org,2025-05-01,REGULAR
CUST00022,Maya Verma,maya.verma1@shopmail.org,2025-11-08,VIP
CUST00023,Priya Vaughn,priya.vaughn81@shopmail.org,2024-11-17,PREMIUM
CUST00024,Adam Dutta,adam.dutta48@mailbox.net,2025-01-04,REGULAR
CUST00025,Iris Sharma,iris.sharma42@inbox.co,2026-04-06,REGULAR
CUST00026,Chloe Muller,chloe.muller8@mailbox.net,2025-04-03,PREMIUM
CUST00027,Isha Bose,isha.bose9@mailbox.net,2025-12-11,REGULAR
CUST00028,Ethan Kim,ethan.kim34@inbox.co,2025-01-17,VIP
CUST00029,Jonas Dutta,jonas.dutta52@shopmail.org,2025-06-16,REGULAR
CUST00030,Iris Ford,iris.ford32@mailbox.net,2024-12-02,REGULAR
CUST00031,Ananya Costa,ananya.costa30@,2026-02-19,REGULAR
CUST00032,Meera Bhatt,meera.bhatt5@shopmail.org,2024-10-09,REGULAR
CUST00033,Nisha Cole,nisha.cole28@mailbox.net,2025-12-11,PREMIUM
CUST00034,Victor Tanaka,victor.tanaka32@inbox.co,2025-11-28,PREMIUM
CUST00035,Dev Reddy,dev.reddy85@inbox.co,2024-11-08,REGULAR
CUST00036,Felix Blake,felix.blake87@example.com,2024-09-25,REGULAR
CUST00037,Freya Reddy,freya.reddy25@,2025-04-12,REGULAR
CUST00038,Arjun Sullivan,arjun.sullivan36@inbox.co,2025-02-04,REGULAR
CUST00039,Kabir Ford,kabir.ford13@example.com,2026-02-15,PREMIUM
CUST00040,Jonas Sharma,jonas.sharma97@mailbox.net,2024-11-04,REGULAR
CUST00041,Nora Mercer,nora.mercer52@example.com,2025-03-07,REGULAR
CUST00042,Aarav Weber,aarav.weber59@shopmail.org,2025-04-29,REGULAR
CUST00043,Alice Quinn,alice.quinn25shopmail.org,2025-01-06,REGULAR
CUST00044,Meera Costa,meera.costa8@shopmail.org,2026-02-07,REGULAR
CUST00045,Wren Mercer,wren.mercer68@mailbox.net,2025-12-28,REGULAR
CUST00046,Adam Bose,adam.bose9@example.com,2025-02-07,PREMIUM
CUST00047,Nisha Fischer,nisha.fischer73@mailbox.net,2024-12-01,REGULAR
CUST00048,Rohan Bose,rohan.bose85@shopmail.org,2025-10-04,VIP
CUST00049,Tara Larsen,tara.larsen34@inbox.co,2025-04-02,REGULAR
CUST00050,Elena Blake,elena.blake97@example.com,2025-06-20,REGULAR
CUST00051,Cleo Tanaka,cleo.tanaka10@,2024-11-11,REGULAR
CUST00052,Arjun Dupont,arjun.dupont32@shopmail.org,2024-10-10,REGULAR
CUST00053,Leo Rossi,leo.rossi79@example.com,2025-06-06,PREMIUM
CUST00054,Alice Muller,alice.muller18@shopmail.org,2024-11-15,REGULAR
CUST00055,Vivaan Kim,vivaan.kim35@shopmail.org,2025-01-07,REGULAR
CUST00056,Freya Gill,freya.gill65@inbox.co,2025-04-28,REGULAR
CUST00057,Meera Bose,meera.bose36@example.com,2025-10-08,REGULAR
CUST00058,Arjun Novak,arjun.novak95@inbox.co,2025-01-13,REGULAR
CUST00059,Maya Kim,maya.kim15@example.com,2024-08-10,VIP
CUST00060,Sara Rossi,sara.rossi48@mailbox.net,2024-09-06,REGULAR
CUST00061,Rohan Muller,rohan.muller6@shopmail.org,2025-08-09,REGULAR
CUST00062,Nisha Reddy,nisha.reddy72@inbox.co,2025-07-29,VIP
CUST00063,Sara Haddad,sara.haddad23@inbox.co,2025-01-14,REGULAR
CUST00064,Freya Grant,freya.grant35@mailbox.net,2025-04-12,PREMIUM
CUST00065,Vivaan Weber,vivaan.weber61@mailbox.net,2024-09-09,REGULAR
CUST00066,Ruby Dupont,ruby.dupont30@mailbox.net,2025-06-09,REGULAR
CUST00067,Dev Fischer,dev.fischer36@example.com,2025-07-03,VIP
CUST00068,Lena Dupont,lena.dupont52@shopmail.org,2026-01-04,VIP
CUST00069,Diya Novak,diya.novak75@shopmail.org,2025-01-30,REGULAR
CUST00070,Milo Sullivan,milo.sullivan94@shopmail.org,2025-07-20,REGULAR
CUST00071,Adam Kapoor,adam.kapoor74@mailbox.net,2025-08-30,REGULAR
CUST00072,Maya Sharma,maya.sharma69@mailbox.net,2026-01-15,REGULAR
CUST00073,Kabir Sokolov,kabir.sokolov41@example.com,2026-05-01,PREMIUM
CUST00074,Elena Vaughn,elena.vaughn86@inbox.co,2025-06-13,REGULAR
CUST00075,Marcus Kim,marcus.kim25@inbox.co,2024-12-09,PREMIUM
CUST00076,Noah Joshi,noah.joshi73@shopmail.org,2026-04-23,REGULAR
CUST00077,Aarav Muller,aarav.muller27@inbox.co,2025-05-21,PREMIUM
CUST00078,Milo Larsen,milo.larsen57@inbox.co,2025-11-20,PREMIUM
CUST00079,Adam Mercer,adam.mercer85@example.com,2025-01-21,REGULAR
CUST00080,Cleo Sokolov,cleo.sokolov97@mailbox.net,2024-11-04,PREMIUM
CUST00081,Yash Dutta,yash.dutta4@example.com,2024-12-29,REGULAR
CUST00082,Ethan Khan,ethan.khan54@mailbox.net,2025-11-10,PREMIUM
CUST00083,Noah Quinn,noah.quinn32@mailbox.net,2025-09-14,PREMIUM
CUST00084,Aarav Reddy,aarav.reddy29@mailbox.net,2025-10-10,PREMIUM
CUST00085,Iris Blake,iris.blake72@mailbox.net,2024-09-21,VIP
CUST00086,Diya Blake,diya.blake60@shopmail.org,2024-12-15,VIP
CUST00087,Leo Vaughn,leo.vaughn71@inbox.co,2025-10-11,PREMIUM
CUST00088,Ethan Ford,ethan.ford97@mailbox.net,2025-04-23,PREMIUM
CUST00089,Lena Hale,lena.hale81@mailbox.net,2025-12-10,REGULAR
CUST00090,Kabir Petrova,kabir.petrova35@shopmail.org,2025-03-29,REGULAR
CUST00091,Jonas Bose,jonas.bose20@mailbox.net,2024-12-20,REGULAR
CUST00092,Sara Gill,sara.gill54@inbox.co,2024-10-05,REGULAR
CUST00093,Ruby Grant,ruby.grant27@inbox.co,2024-10-03,REGULAR
CUST00094,Wren Patel,wren.patel49@inbox.co,2026-03-13,REGULAR
CUST00095,Ivan Muller,ivan.muller54@mailbox.net,2025-09-04,REGULAR
CUST00096,Lena Sullivan,lena.sullivan4@inbox.co,2025-12-11,REGULAR
CUST00097,Zara Verma,zara.verma17@example.com,2025-11-22,VIP
CUST00098,Wren Tanaka,wren.tanaka11@inbox.co,2024-08-28,REGULAR
CUST00099,Ruby Joshi,ruby.joshi34@inbox.co,2024-09-21,REGULAR
CUST00100,Ruby Larsen,ruby.larsen98@inbox.co,2025-07-12,REGULAR
CUST00101,Felix Novak,felix.novak61@example.com,2024-10-23,PREMIUM
CUST00102,Meera Dupont,meera.dupont84@example.com,2025-03-18,PREMIUM
CUST00103,Rohan Patel,rohan.patel26@example.com,2025-04-11,PREMIUM
CUST00104,Nisha Mehta,nisha.mehta86@example.com,2025-11-28,REGULAR
CUST00105,Tara Blake,tara.blake99@shopmail.org,2025-04-20,REGULAR
CUST00106,Milo Kapoor,milo.kapoor40@example.com,2025-01-15,REGULAR
CUST00107,Elena Tanaka,elena.tanaka51@mailbox.net,2025-08-20,REGULAR
CUST00108,Nisha Reddy,nisha.reddy88@example.com,2025-06-05,PREMIUM
CUST00109,Victor Nair,victor.nair69@inbox.co,2025-07-22,PREMIUM
CUST00110,Kabir Vaughn,kabir.vaughn2@inbox.co,2025-07-16,PREMIUM
CUST00111,Vivaan Sullivan,vivaan.sullivan82@inbox.co,2025-08-06,PREMIUM
CUST00112,Maya Joshi,maya.joshi84@shopmail.org,2026-01-17,REGULAR
CUST00113,Jonas Mercer,jonas.mercer56@shopmail.org,2025-11-20,REGULAR
CUST00114,Nisha Bose,nisha.bose58@mailbox.net,2025-05-13,PREMIUM
CUST00115,Victor Weber,victor.weber4@inbox.co,2025-07-11,PREMIUM
CUST00116,Priya Quinn,priya.quinn46@shopmail.org,2025-03-06,REGULAR
CUST00117,Milo Cole,milo.cole2@mailbox.net,2026-02-21,REGULAR
CUST00118,Felix Quinn,felix.quinn98@mailbox.net,2026-02-20,PREMIUM
CUST00119,Nora Ford,nora.ford12@shopmail.org,2024-08-18,REGULAR
CUST00120,Nisha Muller,nisha.muller48@inbox.co,2026-03-19,REGULAR
CUST00121,Ivan Sullivan,ivan.sullivan43@shopmail.org,2026-02-15,PREMIUM
CUST00122,Lena Muller,lena.muller30@example.com,2025-04-15,PREMIUM
CUST00123,Hugo Kapoor,hugo.kapoor98@mailbox.net,2026-01-31,REGULAR
CUST00124,Ethan Cole,ethan.cole98@shopmail.org,2026-03-27,VIP
CUST00125,Dev Petrova,dev.petrova47@mailbox.net,2025-03-21,REGULAR
CUST00126,Jonas Mehta,jonas.mehta6@example.com,2025-05-08,REGULAR
CUST00127,Arjun Quinn,arjun.quinn2@shopmail.org,2024-11-14,REGULAR
CUST00128,Leo Sokolov,leo.sokolov7@shopmail.org,2025-02-05,VIP
CUST00129,Ethan Kapoor,ethan.kapoor52@inbox.co,2024-10-06,REGULAR
CUST00130,Meera Rao,meera.rao73@shopmail.org,2024-12-31,REGULAR
CUST00131,Nisha Kapoor,nisha.kapoor98@inbox.co,2026-02-23,REGULAR
CUST00132,Cleo Bhatt,cleo.bhatt49@inbox.co,2026-01-18,VIP
CUST00133,Elena Costa,elena.costa40@example.com,2025-10-14,REGULAR
CUST00134,Vivaan Gill,vivaan.gill28@shopmail.org,2026-05-03,PREMIUM
CUST00135,Neel Haddad,neel.haddad71@example.com,2025-01-25,REGULAR
CUST00136,Felix Ford,felix.ford61@shopmail.org,2026-04-01,REGULAR
CUST00137,Marcus Petrova,marcus.petrova10@mailbox.net,2025-11-08,VIP
CUST00138,Wren Dutta,wren.dutta15@mailbox.net,2025-10-10,PREMIUM
CUST00139,Lena Rao,lena.rao8@mailbox.net,2024-10-13,PREMIUM
CUST00140,Milo Tanaka,milo.tanaka57@example.com,2025-05-23,REGULAR
CUST00141,Elena Fischer,elena.fischer65@inbox.co,2025-05-06,REGULAR
CUST00142,Milo Nair,milo.nair95@shopmail.org,2025-10-17,REGULAR
CUST00143,Ananya Bose,ananya.bose87@example.com,2025-03-23,VIP
CUST00144,Lena Tanaka,lena.tanaka98@mailbox.net,2024-09-11,REGULAR
CUST00145,Leo Cole,leo.cole75@inbox.co,2025-02-02,PREMIUM
CUST00146,Nora Bose,nora.bose45@inbox.co,2025-11-25,REGULAR
CUST00147,Vivaan Verma,vivaan.verma53@inbox.co,2025-07-04,REGULAR
CUST00148,Zara Kim,zara.kim59@example.com,2024-09-07,REGULAR
CUST00149,Hugo Kapoor,hugo.kapoor66@example.com,2025-09-18,PREMIUM
CUST00150,Jonas Blake,jonas.blake7@mailbox.net,2025-09-28,REGULAR
CUST00151,Cleo Quinn,cleo.quinn57@example.com,2026-05-03,REGULAR
CUST00152,Alice Mehta,alice.mehta57@inbox.co,2025-05-22,REGULAR
CUST00153,Milo Haddad,milo.haddad40@example.com,2025-01-10,REGULAR
CUST00154,Isha Bhatt,isha.bhatt60@example.com,2024-11-25,PREMIUM
CUST00155,Sara Quinn,sara.quinn66@shopmail.org,2025-05-26,REGULAR
CUST00156,Ethan Mercer,ethan.mercer59@mailbox.net,2025-04-07,REGULAR
CUST00157,Milo Vaughn,milo.vaughn9@shopmail.org,2024-12-18,PREMIUM
CUST00158,Felix Sokolov,felix.sokolov35@example.com,2026-01-02,REGULAR
CUST00159,Elena Costa,elena.costa85@inbox.co,2026-03-17,PREMIUM
CUST00160,Leo Rossi,leo.rossi45@shopmail.org,2025-12-09,REGULAR
CUST00161,Jonas Weber,jonas.weber42@mailbox.net,2025-11-10,VIP
CUST00162,Nisha Tanaka,nisha.tanaka30@inbox.co,2025-08-28,REGULAR
CUST00163,Ethan Weber,ethan.weber85@mailbox.net,2025-08-31,REGULAR
CUST00164,Rohan Mehta,rohan.mehta76@shopmail.org,2025-12-28,PREMIUM
CUST00165,Leo Reddy,leo.reddy59@example.com,2026-01-21,PREMIUM
CUST00166,Felix Rao,felix.rao61@shopmail.org,2024-10-16,REGULAR
CUST00167,Zara Bose,zara.bose87@inbox.co,2025-07-03,VIP
CUST00168,Nora Rossi,nora.rossi80@example.com,2024-09-06,REGULAR
CUST00169,Marcus Bhatt,marcus.bhatt56@example.com,2024-11-01,PREMIUM
CUST00170,Vivaan Ford,vivaan.ford89@shopmail.org,2025-01-18,VIP
CUST00171,Rohan Larsen,rohan.larsen38@shopmail.org,2024-09-27,REGULAR
CUST00172,Sara Haddad,sara.haddad53@mailbox.net,2026-01-26,REGULAR
CUST00173,Isha Weber,isha.weber88@mailbox.net,2026-04-27,REGULAR
CUST00174,Wren Rao,wren.rao60@shopmail.org,2025-03-26,REGULAR
CUST00175,Aarav Blake,aarav.blake87@mailbox.net,2025-05-22,REGULAR
CUST00176,Ivan Costa,ivan.costa82@inbox.co,2025-06-03,PREMIUM
CUST00177,Ruby Muller,ruby.muller50@inbox.co,2025-02-20,REGULAR
CUST00178,Noah Tanaka,noah.tanaka74@shopmail.org,2025-08-03,VIP
CUST00179,Marcus Patel,marcus.patel36@example.com,2025-09-10,REGULAR
CUST00180,Meera Quinn,meera.quinn30@shopmail.org,2025-05-21,REGULAR
CUST00181,Dev Novak,dev.novak81@example.com,2024-12-19,VIP
CUST00182,Rohan Muller,rohan.muller5@shopmail.org,2025-10-26,PREMIUM
CUST00183,Isha Petrova,isha.petrova96@inbox.co,2025-07-01,REGULAR
CUST00184,Arjun Rossi,arjun.rossi68@shopmail.org,2025-08-10,PREMIUM
CUST00185,Omar Mercer,omar.mercer96@shopmail.org,2025-05-30,PREMIUM
CUST00186,Ruby Khan,ruby.khan97@mailbox.net,2024-12-23,PREMIUM
CUST00187,Zara Kim,zara.kim12@inbox.co,2025-08-10,REGULAR
CUST00188,Jonas Kapoor,jonas.kapoor48@shopmail.org,2025-11-09,REGULAR
CUST00189,Chloe Reddy,chloe.reddy61@example.com,2025-03-28,REGULAR
CUST00190,Alice Larsen,alice.larsen29@example.com,2026-04-17,PREMIUM
CUST00191,Ruby Muller,ruby.muller15@mailbox.net,2025-09-23,REGULAR
CUST00192,Rohan Muller,rohan.muller15@example.com,2025-12-18,REGULAR
CUST00193,Jonas Mehta,jonas.mehta59@shopmail.org,2025-09-02,PREMIUM
CUST00194,Jonas Grant,jonas.grant96@mailbox.net,2026-03-25,PREMIUM
CUST00195,Vivaan Quinn,vivaan.quinn53@shopmail.org,2026-04-23,REGULAR
CUST00196,Chloe Gill,chloe.gill57@mailbox.net,2025-10-29,PREMIUM
CUST00197,Vivaan Bennett,vivaan.bennett83@shopmail.org,2026-02-09,REGULAR
CUST00198,Lena Dutta,lena.dutta59@example.com,2024-12-04,PREMIUM
CUST00199,Milo Patel,milo.patel43@mailbox.net,2024-09-21,VIP
CUST00200,Victor Gill,victor.gill98@mailbox.net,2024-10-10,REGULAR
CUST00201,Yash Sokolov,yash.sokolov77@example.com,2024-12-30,REGULAR
CUST00202,Sara Mehta,sara.mehta33@mailbox.net,2026-02-05,REGULAR
CUST00203,Ananya Mehta,ananya.mehta46@mailbox.net,2024-08-16,REGULAR
CUST00204,Ananya Joshi,ananya.joshi7@mailbox.net,2025-04-29,PREMIUM
CUST00205,Iris Kapoor,iris.kapoor61@inbox.co,2024-10-05,PREMIUM
CUST00206,Adam Costa,adam.costa58@mailbox.net,2024-11-20,VIP
CUST00207,Rohan Hale,rohan.hale59@example.com,2025-06-05,REGULAR
CUST00208,Ethan Fischer,ethan.fischer88@example.com,2025-10-11,REGULAR
CUST00209,Leo Khan,leo.khan42@mailbox.net,2024-10-22,REGULAR
CUST00210,Lena Costa,lena.costa92@shopmail.org,2026-02-13,REGULAR
CUST00211,Milo Hale,milo.hale59@inbox.co,2025-05-29,REGULAR
CUST00212,Diya Kim,diya.kim56@inbox.co,2025-03-09,PREMIUM
CUST00213,Felix Sokolov,felix.sokolov52@inbox.co,2025-11-08,PREMIUM
CUST00214,Hugo Sullivan,hugo.sullivan86@shopmail.org,2025-06-17,REGULAR
CUST00215,Sara Mercer,sara.mercer12@example.com,2024-10-08,REGULAR
CUST00216,Vivaan Bennett,vivaan.bennett72@example.com,2024-12-12,REGULAR
CUST00217,Alice Kim,alice.kim86@example.com,2025-07-04,REGULAR
CUST00218,Maya Iyer,maya.iyer77@shopmail.org,2025-05-22,REGULAR
CUST00219,Victor Vaughn,victor.vaughn20@inbox.co,2025-03-06,REGULAR
CUST00220,Vivaan Dupont,vivaan.dupont48@example.com,2026-02-21,PREMIUM
CUST00221,Victor Bhatt,victor.bhatt72@example.com,2025-10-14,REGULAR
CUST00222,Lena Patel,lena.patel35@shopmail.org,2025-02-01,VIP
CUST00223,Ivan Sharma,ivan.sharma19@inbox.co,2025-02-02,REGULAR
CUST00224,Ananya Bose,ananya.bose28@inbox.co,2026-01-26,REGULAR
CUST00225,Freya Verma,freya.verma40@shopmail.org,2025-08-14,PREMIUM
CUST00226,Victor Bose,victor.bose20@mailbox.net,2024-09-23,PREMIUM
CUST00227,Meera Bose,meera.bose57@inbox.co,2025-05-06,REGULAR
CUST00228,Leo Grant,leo.grant28@example.com,2025-05-07,REGULAR
CUST00229,Diya Petrova,diya.petrova63@shopmail.org,2026-03-31,REGULAR
CUST00230,Zara Iyer,zara.iyer27@shopmail.org,2024-08-08,VIP
CUST00231,Arjun Novak,arjun.novak42@example.com,2025-05-24,REGULAR
CUST00232,Maya Joshi,maya.joshi49@mailbox.net,2024-12-11,REGULAR
CUST00233,Ivan Khan,ivan.khan95@,2025-09-11,REGULAR
CUST00234,Ruby Khan,ruby.khan74@inbox.co,2025-06-17,REGULAR
CUST00235,Felix Petrova,felix.petrova52@example.com,2024-11-26,VIP
CUST00236,Neel Blake,neel.blake12@inbox.co,2025-08-06,PREMIUM
CUST00237,Nisha Sullivan,nisha.sullivan52@example.com,2026-03-27,REGULAR
CUST00238,Elena Sokolov,elena.sokolov43@mailbox.net,2025-03-15,REGULAR
CUST00239,Diya Hale,diya.hale25@shopmail.org,2026-01-05,REGULAR
CUST00240,Sara Haddad,sara.haddad19@shopmail.org,2024-11-14,REGULAR
CUST00241,Milo Rao,milo.rao23@inbox.co,2024-10-17,REGULAR
CUST00242,Victor Costa,victor.costa88@shopmail.org,2025-11-03,PREMIUM
CUST00243,Hugo Rao,hugo.rao9@inbox.co,2025-10-25,REGULAR
CUST00244,Elena Cole,elena.cole8@shopmail.org,2026-03-29,REGULAR
CUST00245,Elena Blake,elena.blake5@example.com,2025-11-06,REGULAR
CUST00246,Marcus Khan,marcus.khan79@inbox.co,2024-11-01,REGULAR
CUST00247,Alice Nair,alice.nair74@mailbox.net,2025-11-04,REGULAR
CUST00248,Ethan Vaughn,ethan.vaughn8@inbox.co,2025-01-02,REGULAR
CUST00249,Freya Bose,freya.bose83@mailbox.net,2025-12-30,REGULAR
CUST00250,Leo Ford,leo.ford67@mailbox.net,2026-01-19,REGULAR
CUST00251,Marcus Weber,marcus.weber44@example.com,2025-09-23,PREMIUM
CUST00252,Freya Khan,freya.khan13@inbox.co,2025-07-04,REGULAR
CUST00253,Milo Rao,milo.rao11@mailbox.net,2025-07-08,VIP
CUST00254,Elena Fischer,elena.fischer77@example.com,2024-12-11,REGULAR
CUST00255,Noah Sokolov,noah.sokolov86@example.com,2024-12-09,PREMIUM
CUST00256,Maya Vaughn,maya.vaughn3@shopmail.org,2025-08-06,REGULAR
CUST00257,Tara Sokolov,tara.sokolov25@mailbox.net,2025-12-11,VIP
CUST00258,Sara Khan,sara.khan13@example.com,2025-05-30,PREMIUM
CUST00259,Cleo Mehta,cleo.mehta49@mailbox.net,2026-04-04,REGULAR
CUST00260,Cleo Verma,cleo.verma6@inbox.co,2025-10-23,REGULAR
CUST00261,Nisha Ford,nisha.ford37@inbox.co,2026-04-18,REGULAR
CUST00262,Nisha Muller,nisha.muller25@shopmail.org,2025-11-24,PREMIUM
CUST00263,Victor Ford,victor.ford99@shopmail.org,2025-11-16,PREMIUM
CUST00264,Adam Hale,adam.hale21@mailbox.net,2025-10-03,PREMIUM
CUST00265,Arjun Novak,arjun.novak83@inbox.co,2024-09-23,PREMIUM
CUST00266,Alice Reddy,alice.reddy16@shopmail.org,2026-01-11,REGULAR
CUST00267,Neel Cole,neel.cole66@mailbox.net,2025-11-04,PREMIUM
CUST00268,Isha Bhatt,isha.bhatt45@example.com,2025-11-05,REGULAR
CUST00269,Zara Vaughn,zara.vaughn31@inbox.co,2025-08-18,VIP
CUST00270,Chloe Bhatt,chloe.bhatt41@example.com,2024-08-29,PREMIUM
CUST00271,Freya Rao,freya.rao5@shopmail.org,2024-12-19,VIP
CUST00272,Ethan Mehta,ethan.mehta58@example.com,2025-11-24,VIP
CUST00273,Ananya Novak,ananya.novak20@inbox.co,2025-03-09,REGULAR
CUST00274,Marcus Haddad,marcus.haddad16@example.com,2025-06-05,REGULAR
CUST00275,Cleo Blake,cleo.blake15@inbox.co,2024-10-04,REGULAR
CUST00276,Ananya Vaughn,ananya.vaughn31@mailbox.net,2026-03-12,REGULAR
CUST00277,Aarav Dupont,aarav.dupont74@inbox.co,2025-04-04,REGULAR
CUST00278,Isha Hale,isha.hale9@example.com,2025-08-05,REGULAR
CUST00279,Ethan Nair,ethan.nair48@shopmail.org,2025-09-01,PREMIUM
CUST00280,Ivan Khan,ivan.khan31@example.com,2025-07-20,PREMIUM
CUST00281,Freya Mehta,freya.mehta46@shopmail.org,2024-09-15,PREMIUM
CUST00282,Priya Blake,priya.blake81@mailbox.net,2025-12-04,PREMIUM
CUST00283,Kabir Blake,kabir.blake38@mailbox.net,2024-09-07,REGULAR
CUST00284,Dev Nair,dev.nair40@inbox.co,2025-06-20,VIP
CUST00285,Jonas Mercer,jonas.mercer5@mailbox.net,2025-04-17,REGULAR
CUST00286,Meera Sokolov,meera.sokolov16@shopmail.org,2025-05-07,REGULAR
CUST00287,Zara Ford,zara.ford44@mailbox.net,2025-08-31,REGULAR
CUST00288,Nora Bennett,nora.bennett35@example.com,2026-01-14,PREMIUM
CUST00289,Isha Sullivan,isha.sullivan24@shopmail.org,2026-04-09,REGULAR
CUST00290,Isha Larsen,isha.larsen40@inbox.co,2025-05-30,REGULAR
CUST00291,Maya Verma,maya.verma45@inbox.co,2025-10-29,REGULAR
CUST00292,Ivan Sullivan,ivan.sullivan82@example.com,2025-05-09,REGULAR
CUST00293,Zara Bennett,zara.bennett96@mailbox.net,2026-01-08,VIP
CUST00294,Sara Ford,sara.ford17@example.com,2024-09-05,REGULAR
CUST00295,Chloe Bennett,chloe.bennett73@example.com,2025-08-28,REGULAR
CUST00296,Leo Bennett,leo.bennett57@example.com,2025-08-16,REGULAR
CUST00297,Iris Bennett,iris.bennett41@shopmail.org,2025-09-12,REGULAR
CUST00298,Diya Patel,diya.patel64@inbox.co,2025-02-07,VIP
CUST00299,Diya Novak,diya.novak91@inbox.co,2025-04-24,REGULAR
CUST00300,Cleo Petrova,cleo.petrova26@example.com,2025-12-16,REGULAR
CUST00301,Kabir Ford,kabir.ford92@inbox.co,2025-01-24,VIP
CUST00302,Hugo Dupont,hugo.dupont71@shopmail.org,2024-10-06,PREMIUM
CUST00303,Neel Joshi,neel.joshi66@mailbox.net,2025-08-06,REGULAR
CUST00304,Dev Mehta,dev.mehta64@example.com,2025-03-31,REGULAR
CUST00305,Victor Bennett,victor.bennett71@mailbox.net,2025-11-22,REGULAR
CUST00306,Isha Khan,isha.khan51@inbox.co,2025-06-13,REGULAR
CUST00307,Felix Tanaka,felix.tanaka17@,2024-10-15,PREMIUM
CUST00308,Leo Blake,leo.blake45@mailbox.net,2026-01-12,PREMIUM
CUST00309,Alice Costa,alice.costa99@mailbox.net,2025-02-03,REGULAR
CUST00310,Meera Kapoor,meera.kapoor20@shopmail.org,2026-01-13,REGULAR
CUST00311,Hugo Bhatt,hugo.bhatt67@shopmail.org,2025-07-21,PREMIUM
CUST00312,Omar Dutta,omar.dutta36@mailbox.net,2026-02-16,PREMIUM
CUST00313,Cleo Rossi,cleo.rossi65@mailbox.net,2024-11-04,REGULAR
CUST00314,Wren Rao,wren.rao85@shopmail.org,2025-01-23,PREMIUM
CUST00315,Victor Nair,victor.nair11@example.com,2024-08-30,VIP
CUST00316,Victor Novak,victor.novak99@inbox.co,2025-03-04,REGULAR
CUST00317,Ananya Quinn,ananya.quinn38@shopmail.org,2026-02-10,REGULAR
CUST00318,Zara Muller,zara.muller10@example.com,2025-11-08,REGULAR
CUST00319,Felix Mercer,felix.mercer27@shopmail.org,2025-11-19,REGULAR
CUST00320,Hugo Larsen,hugo.larsen52@mailbox.net,2025-07-20,PREMIUM
CUST00321,Adam Kim,adam.kim41@mailbox.net,2024-11-17,REGULAR
CUST00322,Lena Ford,lena.ford19@example.com,2025-04-11,REGULAR
CUST00323,Noah Grant,noah.grant21@shopmail.org,2025-04-12,VIP
CUST00324,Hugo Dutta,hugo.dutta64@inbox.co,2025-01-11,REGULAR
CUST00325,Elena Quinn,elena.quinn12@inbox.co,2024-08-24,REGULAR
CUST00326,Nisha Gill,nisha.gill46@example.com,2026-03-21,REGULAR
CUST00327,Nora Mercer,nora.mercer69@example.com,2025-05-20,PREMIUM
CUST00328,Maya Mehta,maya.mehta94@shopmail.org,2025-04-28,PREMIUM
CUST00329,Chloe Nair,chloe.nair7@mailbox.net,2025-09-15,REGULAR
CUST00330,Marcus Khan,marcus.khan65@inbox.co,2025-08-31,PREMIUM
CUST00331,Lena Kapoor,lena.kapoor13@inbox.co,2024-12-10,REGULAR
CUST00332,Freya Kim,freya.kim97@mailbox.net,2025-08-10,REGULAR
CUST00333,Adam Fischer,adam.fischer6@example.com,2025-12-26,REGULAR
CUST00334,Freya Mercer,freya.mercer59@mailbox.net,2026-01-14,REGULAR
CUST00335,Adam Mehta,adam.mehta79@shopmail.org,2025-07-02,REGULAR
CUST00336,Cleo Muller,cleo.muller44@inbox.co,2026-03-31,PREMIUM
CUST00337,Elena Mercer,elena.mercer48@shopmail.org,2024-08-18,PREMIUM
CUST00338,Felix Costa,felix.costa93@example.com,2025-06-12,REGULAR
CUST00339,Omar Costa,omar.costa30@example.com,2026-03-15,REGULAR
CUST00340,Neel Hale,neel.hale49@mailbox.net,2026-04-27,PREMIUM
CUST00341,Nisha Nair,nisha.nair90@example.com,2026-03-10,REGULAR
CUST00342,Leo Larsen,leo.larsen20@inbox.co,2025-10-03,PREMIUM
CUST00343,Felix Vaughn,felix.vaughn61@example.com,2026-04-19,PREMIUM
CUST00344,Iris Gill,iris.gill42@inbox.co,2026-02-26,REGULAR
CUST00345,Hugo Joshi,hugo.joshi69@shopmail.org,2025-11-14,REGULAR
CUST00346,Omar Mercer,omar.mercer32@shopmail.org,2025-02-13,REGULAR
CUST00347,Yash Muller,yash.muller91@mailbox.net,2025-05-23,PREMIUM
CUST00348,Nora Larsen,nora.larsen45@shopmail.org,2025-12-05,REGULAR
CUST00349,Victor Rossi,victor.rossi51@shopmail.org,2025-08-24,VIP
CUST00350,Sara Petrova,sara.petrova37@example.com,2024-09-13,REGULAR
CUST00351,Leo Novak,leo.novak28@mailbox.net,2025-12-04,PREMIUM
CUST00352,Lena Kim,lena.kim18@example.com,2025-05-06,REGULAR
CUST00353,Wren Haddad,wren.haddad7@mailbox.net,2025-04-06,PREMIUM
CUST00354,Meera Reddy,meera.reddy43@inbox.co,2025-09-28,REGULAR
CUST00355,Arjun Sharma,arjun.sharma21@inbox.co,2026-02-15,PREMIUM
CUST00356,Ethan Mercer,ethan.mercer97@shopmail.org,2025-02-21,REGULAR
CUST00357,Meera Bose,meera.bose30@example.com,2026-03-11,VIP
CUST00358,Priya Grant,priya.grant5@inbox.co,2025-01-28,PREMIUM
CUST00359,Priya Petrova,priya.petrova2@shopmail.org,2024-09-08,REGULAR
CUST00360,Vivaan Sokolov,vivaan.sokolov59@inbox.co,2025-05-19,PREMIUM
CUST00361,Arjun Vaughn,arjun.vaughn35mailbox.net,2025-11-23,PREMIUM
CUST00362,Freya Verma,freya.verma83@shopmail.org,2025-11-13,PREMIUM
CUST00363,Aarav Sokolov,aarav.sokolov73@mailbox.net,2025-05-30,REGULAR
CUST00364,Zara Sullivan,zara.sullivan42@example.com,2026-01-10,REGULAR
CUST00365,Vivaan Joshi,vivaan.joshi62@shopmail.org,2024-12-22,VIP
CUST00366,Aarav Novak,aarav.novak31@inbox.co,2025-08-28,PREMIUM
CUST00367,Freya Muller,freya.muller93@example.com,2026-03-20,REGULAR
CUST00368,Chloe Haddad,chloe.haddad86@example.com,2024-10-03,REGULAR
CUST00369,Neel Fischer,neel.fischer91@shopmail.org,2025-12-28,PREMIUM
CUST00370,Marcus Bennett,marcus.bennett29@mailbox.net,2026-04-22,VIP
CUST00371,Ethan Rao,ethan.rao96@shopmail.org,2025-11-09,REGULAR
CUST00372,Alice Mercer,alice.mercer86@mailbox.net,2026-02-02,PREMIUM
CUST00373,Milo Bose,milo.bose58@shopmail.org,2026-01-21,REGULAR
CUST00374,Victor Kapoor,victor.kapoor71@mailbox.net,2024-10-03,REGULAR
CUST00375,Sara Verma,sara.verma67@inbox.co,2025-07-02,REGULAR
CUST00376,Tara Costa,tara.costa12@inbox.co,2025-12-14,PREMIUM
CUST00377,Ruby Mehta,ruby.mehta54@inbox.co,2026-01-08,REGULAR
CUST00378,Alice Blake,alice.blake93@example.com,2025-06-12,REGULAR
CUST00379,Aarav Gill,aarav.gill10@example.com,2026-03-16,REGULAR
CUST00380,Kabir Rossi,kabir.rossi9@inbox.co,2024-10-01,REGULAR
CUST00381,Felix Joshi,felix.joshi99@inbox.co,2024-12-17,REGULAR
CUST00382,Noah Ford,noah.ford49@example.com,2025-08-22,PREMIUM
CUST00383,Jonas Mehta,jonas.mehta16@mailbox.net,2025-07-23,VIP
CUST00384,Zara Hale,zara.hale94@mailbox.net,2024-12-09,PREMIUM
CUST00385,Ananya Muller,ananya.muller87@inbox.co,2025-11-18,REGULAR
CUST00386,Yash Haddad,yash.haddad45@mailbox.net,2025-11-15,REGULAR
CUST00387,Diya Nair,diya.nair79@example.com,2025-10-04,REGULAR
CUST00388,Kabir Reddy,kabir.reddy5@inbox.co,2026-04-01,REGULAR
CUST00389,Meera Haddad,meera.haddad52@inbox.co,2024-09-15,REGULAR
CUST00390,Tara Iyer,tara.iyer65@shopmail.org,2024-12-22,REGULAR
CUST00391,Victor Larsen,victor.larsen77@shopmail.org,2026-03-15,REGULAR
CUST00392,Sara Hale,sara.hale53@shopmail.org,2025-03-15,REGULAR
CUST00393,Alice Costa,alice.costa81@inbox.co,2025-01-27,REGULAR
CUST00394,Meera Dupont,meera.dupont68@shopmail.org,2025-08-26,PREMIUM
CUST00395,Felix Rao,felix.rao49@mailbox.net,2025-06-04,PREMIUM
CUST00396,Ethan Haddad,ethan.haddad39@mailbox.net,2025-03-19,PREMIUM
CUST00397,Meera Kim,meera.kim54@mailbox.net,2025-09-27,REGULAR
CUST00398,Omar Gill,omar.gill83@example.com,2025-07-05,VIP
CUST00399,Chloe Bose,chloe.bose93@mailbox.net,2026-01-31,REGULAR
CUST00400,Noah Nair,noah.nair25@mailbox.net,2024-10-14,REGULAR
CUST00401,Freya Muller,freya.muller28@mailbox.net,2024-08-16,VIP
CUST00402,Diya Mercer,diya.mercer90@mailbox.net,2025-04-06,REGULAR
CUST00403,Nisha Kim,nisha.kim37@inbox.co,2025-06-26,REGULAR
CUST00404,Ivan Muller,ivan.muller47@inbox.co,2025-04-25,REGULAR
CUST00405,Ethan Larsen,ethan.larsen48@shopmail.org,2025-02-25,REGULAR
CUST00406,Victor Bhatt,victor.bhatt3@shopmail.org,2024-12-28,REGULAR
CUST00407,Wren Costa,wren.costa38@mailbox.net,2025-10-02,REGULAR
CUST00408,Yash Weber,yash.weber32@inbox.co,2026-03-07,REGULAR
CUST00409,Freya Novak,freya.novak93@inbox.co,2025-12-14,REGULAR
CUST00410,Ivan Verma,ivan.verma93@inbox.co,2024-12-22,REGULAR
CUST00411,Jonas Iyer,jonas.iyer5@example.com,2026-01-19,VIP
CUST00412,Meera Sharma,meera.sharma18@mailbox.net,2025-09-27,REGULAR
CUST00413,Sara Sharma,sara.sharma65@inbox.co,2025-03-12,REGULAR
CUST00414,Cleo Mercer,cleo.mercer3@example.com,2025-12-13,REGULAR
CUST00415,Felix Sharma,felix.sharma68@shopmail.org,2024-08-18,REGULAR
CUST00416,Marcus Patel,marcus.patel90@inbox.co,2025-12-28,PREMIUM
CUST00417,Priya Reddy,priya.reddy68@mailbox.net,2024-11-07,REGULAR
CUST00418,Cleo Hale,cleo.hale46@shopmail.org,2025-04-16,PREMIUM
CUST00419,Isha Bennett,isha.bennett59@mailbox.net,2025-09-20,VIP
CUST00420,Yash Muller,yash.muller84@example.com,2024-10-22,REGULAR
CUST00421,Noah Weber,noah.weber61@example.com,2026-02-17,PREMIUM
CUST00422,Neel Bose,neel.bose56@shopmail.org,2025-12-25,REGULAR
CUST00423,Vivaan Hale,vivaan.hale30@mailbox.net,2024-09-13,VIP
CUST00424,Victor Mercer,victor.mercer6@example.com,2025-05-05,PREMIUM
CUST00425,Lena Rossi,lena.rossi85@example.com,2026-03-01,REGULAR
CUST00426,Hugo Patel,hugo.patel76@mailbox.net,2025-03-01,PREMIUM
CUST00427,Zara Khan,zara.khan21@mailbox.net,2025-06-03,REGULAR
CUST00428,Noah Rossi,noah.rossi50@mailbox.net,2025-07-06,PREMIUM
CUST00429,Isha Vaughn,isha.vaughn7@example.com,2025-07-21,REGULAR
CUST00430,Kabir Sokolov,kabir.sokolov99@inbox.co,2026-04-12,VIP
CUST00431,Hugo Patel,hugo.patel58@inbox.co,2025-05-07,REGULAR
CUST00432,Alice Weber,alice.weber24@inbox.co,2025-10-17,REGULAR
CUST00433,Cleo Petrova,cleo.petrova92@example.com,2025-04-10,REGULAR
CUST00434,Sara Weber,sara.weber95@inbox.co,2025-01-05,REGULAR
CUST00435,Vivaan Bose,vivaan.bose40@inbox.co,2024-08-06,REGULAR
CUST00436,Lena Reddy,lena.reddy12@mailbox.net,2024-12-14,REGULAR
CUST00437,Alice Kim,alice.kim53@example.com,2026-01-07,REGULAR
CUST00438,Ivan Kim,ivan.kim77@shopmail.org,2024-11-04,PREMIUM
CUST00439,Aarav Petrova,aarav.petrova50@,2025-09-28,PREMIUM
CUST00440,Alice Haddad,alice.haddad67@mailbox.net,2026-03-09,PREMIUM
CUST00441,Neel Mehta,neel.mehta39@shopmail.org,2025-05-03,REGULAR
CUST00442,Kabir Verma,kabir.verma36@inbox.co,2025-10-20,REGULAR
CUST00443,Kabir Bennett,kabir.bennett32@inbox.co,2025-04-15,REGULAR
CUST00444,Dev Blake,dev.blake18@shopmail.org,2024-11-18,REGULAR
CUST00445,Zara Sokolov,zara.sokolov49@shopmail.org,2026-04-28,REGULAR
CUST00446,Maya Mehta,maya.mehta42@mailbox.net,2025-06-04,REGULAR
CUST00447,Priya Fischer,priya.fischer38@inbox.co,2025-06-23,VIP
CUST00448,Nisha Larsen,nisha.larsen36@inbox.co,2025-08-21,REGULAR
CUST00449,Victor Dutta,victor.dutta70@mailbox.net,2026-03-30,PREMIUM
CUST00450,Alice Patel,alice.patel91@mailbox.net,2025-11-16,REGULAR
CUST00451,Marcus Khan,marcus.khan87@inbox.co,2025-09-23,REGULAR
CUST00452,Elena Haddad,elena.haddad85@mailbox.net,2025-04-16,PREMIUM
CUST00453,Noah Khan,noah.khan77@inbox.co,2025-11-03,REGULAR
CUST00454,Jonas Vaughn,jonas.vaughn70@example.com,2025-10-03,PREMIUM
CUST00455,Chloe Rossi,chloe.rossi82@example.com,2026-04-01,REGULAR
CUST00456,Nisha Dupont,nisha.dupont83@example.com,2025-01-18,REGULAR
CUST00457,Zara Sokolov,zara.sokolov14@example.com,2025-10-15,REGULAR
CUST00458,Yash Vaughn,yash.vaughn72@mailbox.net,2026-01-14,REGULAR
CUST00459,Zara Blake,zara.blake89@mailbox.net,2026-03-26,REGULAR
CUST00460,Ananya Mercer,ananya.mercer38@inbox.co,2024-11-16,VIP
CUST00461,Isha Kapoor,isha.kapoor45@shopmail.org,2024-12-24,REGULAR
CUST00462,Tara Hale,tara.hale45@inbox.co,2025-12-08,REGULAR
CUST00463,Leo Larsen,leo.larsen39@example.com,2024-10-08,PREMIUM
CUST00464,Diya Patel,diya.patel83@example.com,2025-07-18,PREMIUM
CUST00465,Neel Haddad,neel.haddad23@mailbox.net,2026-01-11,REGULAR
CUST00466,Maya Blake,maya.blake52@mailbox.net,2025-03-26,REGULAR
CUST00467,Maya Fischer,maya.fischer95@mailbox.net,2024-08-30,REGULAR
CUST00468,Maya Weber,maya.weber91@mailbox.net,2024-08-05,REGULAR
CUST00469,Kabir Tanaka,kabir.tanaka69@mailbox.net,2024-11-13,REGULAR
CUST00470,Dev Blake,dev.blake34@inbox.co,2024-11-25,REGULAR
CUST00471,Hugo Weber,hugo.weber51@example.com,2026-04-18,REGULAR
CUST00472,Ruby Joshi,ruby.joshi79@example.com,2025-06-01,PREMIUM
CUST00473,Hugo Kapoor,hugo.kapoor40@example.com,2025-04-02,REGULAR
CUST00474,Sara Vaughn,sara.vaughn54@mailbox.net,2025-09-02,REGULAR
CUST00475,Maya Joshi,maya.joshi82@mailbox.net,2025-12-12,REGULAR
CUST00476,Nora Petrova,nora.petrova24@shopmail.org,2024-12-22,PREMIUM
CUST00477,Cleo Iyer,cleo.iyer2@inbox.co,2025-08-03,REGULAR
CUST00478,Noah Kim,noah.kim84@inbox.co,2025-12-31,REGULAR
CUST00479,Nora Grant,nora.grant63@mailbox.net,2025-10-29,REGULAR
CUST00480,Ananya Bhatt,ananya.bhatt5@shopmail.org,2025-05-27,REGULAR
CUST00481,Marcus Verma,marcus.verma73@inbox.co,2025-11-12,REGULAR
CUST00482,Diya Tanaka,diya.tanaka35@shopmail.org,2024-11-25,REGULAR
CUST00483,Rohan Ford,rohan.ford28@inbox.co,2026-02-11,REGULAR
CUST00484,Nisha Muller,nisha.muller58@shopmail.org,2024-09-03,REGULAR
CUST00485,Isha Ford,isha.ford31@mailbox.net,2024-11-29,PREMIUM
CUST00486,Wren Dupont,wren.dupont81@inbox.co,2026-04-17,REGULAR
CUST00487,Arjun Gill,arjun.gill8@shopmail.org,2025-02-28,REGULAR
CUST00488,Milo Rossi,milo.rossi42@shopmail.org,2025-01-20,REGULAR
CUST00489,Lena Vaughn,lena.vaughn18@inbox.co,2024-11-06,VIP
CUST00490,Lena Mehta,lena.mehta32@mailbox.net,2024-12-14,PREMIUM
CUST00491,Nisha Fischer,nisha.fischer19@shopmail.org,2025-12-15,PREMIUM
CUST00492,Noah Ford,noah.ford82@example.com,2024-10-17,REGULAR
CUST00493,Lena Bennett,lena.bennett63@shopmail.org,2025-11-09,REGULAR
CUST00494,Isha Blake,isha.blake9@inbox.co,2025-08-02,REGULAR
CUST00495,Maya Gill,maya.gill35@shopmail.org,2025-12-20,PREMIUM
CUST00496,Freya Kim,freya.kim17@inbox.co,2026-03-15,PREMIUM
CUST00497,Meera Nair,meera.nair81@inbox.co,2024-11-10,REGULAR
CUST00498,Neel Ford,neel.ford1@inbox.co,2025-11-11,REGULAR
CUST00499,Arjun Muller,arjun.muller36@example.com,2025-01-10,PREMIUM
CUST00500,Omar Bose,omar.bose86@mailbox.net,2025-08-16,REGULAR
CUST00501,Elena Bhatt,elena.bhatt84@example.com,2025-10-14,PREMIUM
CUST00502,Aarav Gill,aarav.gill10@mailbox.net,2025-12-02,REGULAR
CUST00503,Iris Ford,iris.ford2@shopmail.org,2024-08-10,PREMIUM
CUST00504,Maya Mehta,maya.mehta10@mailbox.net,2025-12-03,REGULAR
CUST00505,Vivaan Reddy,vivaan.reddy48@,2025-06-17,REGULAR
CUST00506,Arjun Rao,arjun.rao68@example.com,2024-10-10,REGULAR
CUST00507,Neel Ford,neel.ford93@mailbox.net,2025-07-26,PREMIUM
CUST00508,Sara Grant,sara.grant88@inbox.co,2026-04-23,PREMIUM
CUST00509,Isha Reddy,isha.reddy97@example.com,2024-12-22,REGULAR
CUST00510,Noah Dupont,noah.dupont41@mailbox.net,2025-10-14,REGULAR
CUST00511,Isha Haddad,isha.haddad77@shopmail.org,2026-02-18,PREMIUM
CUST00512,Ananya Muller,ananya.muller67@mailbox.net,2025-02-27,PREMIUM
CUST00513,Marcus Iyer,marcus.iyer64@inbox.co,2025-04-03,REGULAR
CUST00514,Nora Khan,nora.khan2@shopmail.org,2026-01-23,VIP
CUST00515,Arjun Weber,arjun.weber54@shopmail.org,2026-03-06,REGULAR
CUST00516,Priya Mercer,priya.mercer3@example.com,2024-10-14,REGULAR
CUST00517,Tara Nair,tara.nair51@shopmail.org,2024-10-01,PREMIUM
CUST00518,Adam Grant,adam.grant90@inbox.co,2025-10-08,REGULAR
CUST00519,Jonas Rossi,jonas.rossi20@shopmail.org,2026-04-23,REGULAR
CUST00520,Isha Vaughn,isha.vaughn20@shopmail.org,2025-02-25,REGULAR
CUST00521,Kabir Muller,kabir.muller94@mailbox.net,2025-10-22,REGULAR
CUST00522,Isha Sullivan,isha.sullivan59@example.com,2024-11-27,REGULAR
CUST00523,Priya Kapoor,priya.kapoor91@mailbox.net,2024-08-13,PREMIUM
CUST00524,Neel Quinn,neel.quinn67@shopmail.org,2025-07-22,REGULAR
CUST00525,Arjun Cole,arjun.cole99@example.com,2024-11-29,REGULAR
CUST00526,Maya Cole,maya.cole9@shopmail.org,2026-01-19,PREMIUM
CUST00527,Victor Khan,victor.khan59@shopmail.org,2025-12-22,REGULAR
CUST00528,Victor Verma,victor.verma21@shopmail.org,2025-08-12,PREMIUM
CUST00529,Victor Kapoor,victor.kapoor95@example.com,2025-03-22,REGULAR
CUST00530,Aarav Haddad,aarav.haddad61@shopmail.org,2024-09-17,REGULAR
CUST00531,Sara Joshi,sara.joshi71@inbox.co,2024-09-06,REGULAR
CUST00532,Nisha Grant,nisha.grant35@example.com,2025-06-24,REGULAR
CUST00533,Diya Vaughn,diya.vaughn23@mailbox.net,2024-09-23,PREMIUM
CUST00534,Rohan Fischer,rohan.fischer60@shopmail.org,2024-10-10,PREMIUM
CUST00535,Elena Larsen,elena.larsen71@inbox.co,2024-10-28,REGULAR
CUST00536,Dev Petrova,dev.petrova39@mailbox.net,2026-03-01,REGULAR
CUST00537,Wren Quinn,wren.quinn94@mailbox.net,2025-02-17,REGULAR
CUST00538,Felix Patel,felix.patel70@shopmail.org,2025-03-27,PREMIUM
CUST00539,Aarav Sokolov,aarav.sokolov98@inbox.co,2024-08-02,PREMIUM
CUST00540,Elena Reddy,elena.reddy68@mailbox.net,2025-02-27,REGULAR
CUST00541,Meera Rao,meera.rao12@example.com,2025-05-14,VIP
CUST00542,Iris Grant,iris.grant59@example.com,2025-08-17,REGULAR
CUST00543,Adam Mehta,adam.mehta10@example.com,2025-09-08,REGULAR
CUST00544,Arjun Haddad,arjun.haddad34@shopmail.org,2025-05-26,VIP
CUST00545,Zara Larsen,zara.larsen58@shopmail.org,2025-06-22,REGULAR
CUST00546,Dev Mehta,dev.mehta14@mailbox.net,2026-03-22,REGULAR
CUST00547,Leo Blake,leo.blake53example.com,2025-06-18,REGULAR
CUST00548,Tara Ford,tara.ford60@shopmail.org,2025-06-12,PREMIUM
CUST00549,Isha Verma,isha.verma91@example.com,2025-06-08,REGULAR
CUST00550,Hugo Rao,hugo.rao92@mailbox.net,2024-11-02,VIP
CUST00551,Zara Vaughn,zara.vaughn87@shopmail.org,2024-09-20,REGULAR
CUST00552,Priya Patel,priya.patel58@mailbox.net,2025-09-19,REGULAR
CUST00553,Vivaan Mehta,vivaan.mehta2@example.com,2024-12-03,PREMIUM
CUST00554,Yash Mehta,yash.mehta52@shopmail.org,2025-02-19,PREMIUM
CUST00555,Isha Costa,isha.costa34@example.com,2026-03-24,REGULAR
CUST00556,Kabir Dutta,kabir.dutta17@example.com,2025-10-29,VIP
CUST00557,Freya Kapoor,freya.kapoor60@example.com,2024-09-13,REGULAR
CUST00558,Victor Sullivan,victor.sullivan64@example.com,2025-09-09,REGULAR
CUST00559,Maya Joshi,maya.joshi28@mailbox.net,2025-07-29,REGULAR
CUST00560,Leo Rao,leo.rao79@mailbox.net,2024-09-05,PREMIUM
CUST00561,Nora Grant,nora.grant62@example.com,2026-02-15,REGULAR
CUST00562,Noah Mehta,noah.mehta26@mailbox.net,2025-10-04,PREMIUM
CUST00563,Jonas Patel,jonas.patel92@shopmail.org,2025-08-27,REGULAR
CUST00564,Nora Dupont,nora.dupont65@shopmail.org,2026-03-03,REGULAR
CUST00565,Priya Patel,priya.patel77@mailbox.net,2025-06-23,REGULAR
CUST00566,Lena Iyer,lena.iyer68@shopmail.org,2025-11-27,PREMIUM
CUST00567,Yash Verma,yash.verma32@mailbox.net,2024-11-11,REGULAR
CUST00568,Meera Bhatt,meera.bhatt50@shopmail.org,2026-03-13,VIP
CUST00569,Priya Joshi,priya.joshi76@shopmail.org,2025-03-31,PREMIUM
CUST00570,Ivan Costa,ivan.costa91@shopmail.org,2024-08-29,VIP
CUST00571,Victor Rao,victor.rao25@inbox.co,2026-02-28,REGULAR
CUST00572,Priya Quinn,priya.quinn12@example.com,2024-09-08,REGULAR
CUST00573,Yash Patel,yash.patel62@example.com,2026-01-22,REGULAR
CUST00574,Cleo Dutta,cleo.dutta44@mailbox.net,2024-12-12,VIP
CUST00575,Hugo Iyer,hugo.iyer19@mailbox.net,2024-08-23,PREMIUM
CUST00576,Iris Bennett,iris.bennett48@inbox.co,2024-10-14,REGULAR
CUST00577,Freya Muller,freya.muller18@mailbox.net,2025-06-27,PREMIUM
CUST00578,Maya Quinn,maya.quinn23@shopmail.org,2025-06-21,REGULAR
CUST00579,Wren Joshi,wren.joshi40@shopmail.org,2025-08-23,REGULAR
CUST00580,Aarav Tanaka,aarav.tanaka99@example.com,2025-09-05,REGULAR
CUST00581,Hugo Bhatt,hugo.bhatt14@inbox.co,2026-03-03,REGULAR
CUST00582,Kabir Haddad,kabir.haddad41@mailbox.net,2025-07-22,PREMIUM
CUST00583,Isha Sokolov,isha.sokolov2@shopmail.org,2025-11-01,REGULAR
CUST00584,Kabir Dupont,kabir.dupont14@example.com,2025-04-20,REGULAR
CUST00585,Leo Grant,leo.grant53@inbox.co,2025-01-18,PREMIUM
CUST00586,Ivan Rossi,ivan.rossi13@inbox.co,2025-08-20,PREMIUM
CUST00587,Victor Bhatt,victor.bhatt58@example.com,2025-01-14,PREMIUM
CUST00588,Rohan Petrova,rohan.petrova41@shopmail.org,2024-08-21,VIP
CUST00589,Kabir Sokolov,kabir.sokolov49@mailbox.net,2025-01-22,PREMIUM
CUST00590,Alice Bose,alice.bose77@inbox.co,2025-07-13,PREMIUM
CUST00591,Maya Verma,maya.verma56@mailbox.net,2026-04-14,REGULAR
CUST00592,Freya Gill,freya.gill53@shopmail.org,2025-02-11,PREMIUM
CUST00593,Elena Haddad,elena.haddad7@inbox.co,2024-11-07,REGULAR
CUST00594,Nora Rao,nora.rao47@example.com,2024-09-25,REGULAR
CUST00595,Marcus Mercer,marcus.mercer13@example.com,2025-02-21,REGULAR
CUST00596,Marcus Bose,marcus.bose15@shopmail.org,2025-11-28,PREMIUM
CUST00597,Ethan Quinn,ethan.quinn12@inbox.co,2025-04-29,REGULAR
CUST00598,Noah Bennett,noah.bennett58@example.com,2025-02-08,REGULAR
CUST00599,Ruby Novak,ruby.novak35@example.com,2025-03-20,REGULAR
CUST00600,Vivaan Bose,vivaan.bose70inbox.co,2025-07-19,VIP
CUST00601,Wren Bhatt,wren.bhatt8@inbox.co,2026-02-18,PREMIUM
CUST00602,Felix Rossi,felix.rossi74@mailbox.net,2025-11-30,REGULAR
CUST00603,Isha Fischer,isha.fischer65@mailbox.net,2024-09-05,REGULAR
CUST00604,Leo Joshi,leo.joshi28@mailbox.net,2025-01-19,REGULAR
CUST00605,Maya Bose,maya.bose26@mailbox.net,2025-10-20,PREMIUM
CUST00606,Omar Larsen,omar.larsen12@inbox.co,2024-10-08,REGULAR
CUST00607,Alice Larsen,alice.larsen67@inbox.co,2025-05-10,VIP
CUST00608,Aarav Costa,aarav.costa54@example.com,2026-01-18,REGULAR
CUST00609,Sara Tanaka,sara.tanaka75@example.com,2026-03-26,VIP
CUST00610,Victor Reddy,victor.reddy69@shopmail.org,2025-05-20,PREMIUM
CUST00611,Omar Weber,omar.weber74@inbox.co,2025-12-11,REGULAR
CUST00612,Lena Fischer,lena.fischer80@inbox.co,2024-12-26,REGULAR
CUST00613,Freya Haddad,freya.haddad96@inbox.co,2024-09-20,VIP
CUST00614,Chloe Patel,chloe.patel39@shopmail.org,2025-07-12,REGULAR
CUST00615,Nora Reddy,nora.reddy18@shopmail.org,2025-03-22,VIP
CUST00616,Leo Larsen,leo.larsen94@inbox.co,2025-05-03,REGULAR
CUST00617,Isha Dutta,isha.dutta28@inbox.co,2025-10-27,PREMIUM
CUST00618,Iris Bennett,iris.bennett66@mailbox.net,2024-09-27,REGULAR
CUST00619,Adam Fischer,adam.fischer68@example.com,2024-12-17,REGULAR
CUST00620,Dev Iyer,dev.iyer5@inbox.co,2025-04-13,REGULAR
CUST00621,Chloe Dutta,chloe.dutta48@inbox.co,2025-05-08,REGULAR
CUST00622,Diya Patel,diya.patel48@inbox.co,2025-04-05,REGULAR
CUST00623,Priya Mercer,priya.mercer71@shopmail.org,2026-03-24,REGULAR
CUST00624,Omar Bose,omar.bose4@inbox.co,2025-05-19,REGULAR
CUST00625,Victor Gill,victor.gill83@mailbox.net,2025-03-15,PREMIUM
CUST00626,Lena Grant,lena.grant3@example.com,2026-01-08,REGULAR
CUST00627,Arjun Joshi,arjun.joshi2@mailbox.net,2026-04-08,REGULAR
CUST00628,Elena Cole,elena.cole49@shopmail.org,2025-10-08,REGULAR
CUST00629,Tara Blake,tara.blake87@inbox.co,2025-06-06,REGULAR
CUST00630,Aarav Vaughn,aarav.vaughn72@shopmail.org,2025-08-19,REGULAR
CUST00631,Vivaan Mercer,vivaan.mercer44@shopmail.org,2024-10-05,PREMIUM
CUST00632,Lena Novak,lena.novak25@mailbox.net,2025-06-02,REGULAR
CUST00633,Nisha Iyer,nisha.iyer52@shopmail.org,2026-04-07,PREMIUM
CUST00634,Ananya Quinn,ananya.quinn34@inbox.co,2025-05-30,REGULAR
CUST00635,Rohan Costa,rohan.costa25@shopmail.org,2026-03-09,PREMIUM
CUST00636,Yash Rossi,yash.rossi86@shopmail.org,2025-12-01,REGULAR
CUST00637,Neel Kim,neel.kim38@example.com,2025-02-02,REGULAR
CUST00638,Omar Kim,omar.kim88@shopmail.org,2025-02-04,PREMIUM
CUST00639,Yash Dupont,yash.dupont96@shopmail.org,2025-03-17,REGULAR
CUST00640,Freya Bennett,freya.bennett75@shopmail.org,2025-04-24,REGULAR
CUST00641,Diya Mercer,diya.mercer82@example.com,2024-09-24,REGULAR
CUST00642,Dev Vaughn,dev.vaughn88@inbox.co,2024-12-01,REGULAR
CUST00643,Felix Iyer,felix.iyer18@mailbox.net,2025-01-02,REGULAR
CUST00644,Victor Blake,victor.blake41@mailbox.net,2024-12-25,PREMIUM
CUST00645,Nora Sokolov,nora.sokolov41@example.com,2025-01-29,REGULAR
CUST00646,Lena Gill,lena.gill74@mailbox.net,2025-01-20,REGULAR
CUST00647,Isha Mehta,isha.mehta56@inbox.co,2026-04-22,REGULAR
CUST00648,Ethan Weber,ethan.weber5@mailbox.net,2024-08-05,PREMIUM
CUST00649,Aarav Larsen,aarav.larsen25@example.com,2026-01-26,PREMIUM
CUST00650,Nisha Bhatt,nisha.bhatt40@mailbox.net,2025-07-19,REGULAR
CUST00651,Adam Costa,adam.costa22@example.com,2025-06-10,PREMIUM
CUST00652,Elena Petrova,elena.petrova94@shopmail.org,2025-11-10,REGULAR
CUST00653,Arjun Sokolov,arjun.sokolov46@mailbox.net,2025-12-15,REGULAR
CUST00654,Zara Patel,zara.patel29@mailbox.net,2025-03-22,REGULAR
CUST00655,Ananya Costa,ananya.costa22@example.com,2025-12-30,REGULAR
CUST00656,Rohan Weber,rohan.weber99@example.com,2025-04-19,REGULAR
CUST00657,Meera Reddy,meera.reddy7@example.com,2024-08-21,REGULAR
CUST00658,Noah Kapoor,noah.kapoor33@inbox.co,2026-02-12,PREMIUM
CUST00659,Tara Sharma,tara.sharma54@example.com,2025-06-05,PREMIUM
CUST00660,Lena Mehta,lena.mehta14@example.com,2025-10-03,REGULAR
CUST00661,Vivaan Quinn,vivaan.quinn78@mailbox.net,2025-02-20,PREMIUM
CUST00662,Iris Dutta,iris.dutta91@inbox.co,2025-08-02,REGULAR
CUST00663,Rohan Kim,rohan.kim27@inbox.co,2025-12-22,REGULAR
CUST00664,Aarav Sharma,aarav.sharma15@inbox.co,2024-10-31,REGULAR
CUST00665,Isha Vaughn,isha.vaughn93@example.com,2024-10-16,VIP
CUST00666,Yash Blake,yash.blake34@inbox.co,2025-05-31,REGULAR
CUST00667,Priya Nair,priya.nair47@shopmail.org,2025-05-25,REGULAR
CUST00668,Diya Reddy,diya.reddy2@mailbox.net,2024-09-16,PREMIUM
CUST00669,Neel Sokolov,neel.sokolov57@shopmail.org,2025-08-02,PREMIUM
CUST00670,Isha Bennett,isha.bennett24@example.com,2025-07-17,REGULAR
CUST00671,Ruby Cole,ruby.cole89@inbox.co,2025-08-30,PREMIUM
CUST00672,Neel Kapoor,neel.kapoor90@example.com,2024-12-14,VIP
CUST00673,Neel Reddy,neel.reddy76@inbox.co,2025-10-01,PREMIUM
CUST00674,Leo Joshi,leo.joshi49@shopmail.org,2026-04-18,REGULAR
CUST00675,Arjun Mercer,arjun.mercer15@inbox.co,2025-12-13,REGULAR
CUST00676,Kabir Novak,kabir.novak2@mailbox.net,2025-06-18,VIP
CUST00677,Freya Hale,freya.hale89@example.com,2026-01-18,REGULAR
CUST00678,Nisha Mercer,nisha.mercer85@inbox.co,2025-07-21,REGULAR
CUST00679,Alice Iyer,alice.iyer83@mailbox.net,2024-08-12,REGULAR
CUST00680,Ethan Quinn,ethan.quinn10@inbox.co,2025-01-17,REGULAR
CUST00681,Freya Cole,freya.cole65@mailbox.net,2024-09-21,REGULAR
CUST00682,Noah Fischer,noah.fischer11@,2025-03-29,REGULAR
CUST00683,Victor Ford,victor.ford64@inbox.co,2024-10-30,REGULAR
CUST00684,Nora Patel,nora.patel52@inbox.co,2024-11-14,REGULAR
CUST00685,Alice Sharma,alice.sharma78@shopmail.org,2024-11-02,PREMIUM
CUST00686,Alice Gill,alice.gill44@shopmail.org,2025-11-11,PREMIUM
CUST00687,Yash Blake,yash.blake72@inbox.co,2025-07-06,PREMIUM
CUST00688,Chloe Ford,chloe.ford13@mailbox.net,2024-11-25,REGULAR
CUST00689,Ivan Petrova,ivan.petrova67@shopmail.org,2026-02-12,PREMIUM
CUST00690,Rohan Verma,rohan.verma18@inbox.co,2025-12-18,REGULAR
CUST00691,Cleo Dutta,cleo.dutta16@inbox.co,2025-02-09,REGULAR
CUST00692,Dev Sokolov,dev.sokolov97@inbox.co,2024-11-19,REGULAR
CUST00693,Wren Kapoor,wren.kapoor59@mailbox.net,2025-11-05,VIP
CUST00694,Aarav Hale,aarav.hale71@inbox.co,2024-09-19,PREMIUM
CUST00695,Ethan Vaughn,ethan.vaughn89@mailbox.net,2025-01-29,PREMIUM
CUST00696,Arjun Reddy,arjun.reddy85@shopmail.org,2025-09-01,REGULAR
CUST00697,Noah Grant,noah.grant89@mailbox.net,2026-04-16,REGULAR
CUST00698,Freya Petrova,freya.petrova18@mailbox.net,2025-11-07,REGULAR
CUST00699,Adam Muller,adam.muller41@mailbox.net,2026-02-12,REGULAR
CUST00700,Cleo Petrova,cleo.petrova87@mailbox.net,2025-07-20,VIP
CUST00701,Priya Vaughn,priya.vaughn89@shopmail.org,2026-02-07,PREMIUM
CUST00702,Ivan Kim,ivan.kim75@inbox.co,2025-12-05,PREMIUM
CUST00703,Jonas Petrova,jonas.petrova2@example.com,2025-10-07,REGULAR
CUST00704,Sara Iyer,sara.iyer26@shopmail.org,2024-09-27,PREMIUM
CUST00705,Neel Petrova,neel.petrova19@example.com,2025-04-14,PREMIUM
CUST00706,Marcus Gill,marcus.gill5@shopmail.org,2026-02-06,PREMIUM
CUST00707,Vivaan Kim,vivaan.kim96@inbox.co,2025-03-18,REGULAR
CUST00708,Marcus Iyer,marcus.iyer50@inbox.co,2025-08-26,VIP
CUST00709,Hugo Kim,hugo.kim2@shopmail.org,2024-09-25,REGULAR
CUST00710,Leo Bhatt,leo.bhatt97@mailbox.net,2025-08-12,PREMIUM
CUST00711,Dev Petrova,dev.petrova23@example.com,2025-11-03,REGULAR
CUST00712,Priya Vaughn,priya.vaughn49@example.com,2024-12-01,REGULAR
CUST00713,Alice Novak,alice.novak21@shopmail.org,2024-12-12,REGULAR
CUST00714,Ruby Rao,ruby.rao20@shopmail.org,2024-09-10,REGULAR
CUST00715,Cleo Muller,cleo.muller74@shopmail.org,2025-12-16,REGULAR
CUST00716,Hugo Hale,hugo.hale24@example.com,2025-03-14,PREMIUM
CUST00717,Neel Grant,neel.grant69@inbox.co,2026-02-08,REGULAR
CUST00718,Yash Gill,yash.gill43@shopmail.org,2025-07-06,REGULAR
CUST00719,Cleo Hale,cleo.hale72@example.com,2025-11-30,REGULAR
CUST00720,Ivan Ford,ivan.ford83@mailbox.net,2025-04-04,VIP
CUST00721,Hugo Weber,hugo.weber50@shopmail.org,2024-11-25,REGULAR
CUST00722,Marcus Patel,marcus.patel99@shopmail.org,2026-01-12,REGULAR
CUST00723,Adam Ford,adam.ford6@shopmail.org,2025-12-12,PREMIUM
CUST00724,Dev Larsen,dev.larsen11@example.com,2026-01-09,REGULAR
CUST00725,Jonas Rossi,jonas.rossi81@example.com,2024-08-08,REGULAR
CUST00726,Tara Sullivan,tara.sullivan27@inbox.co,2024-11-15,PREMIUM
CUST00727,Kabir Rao,kabir.rao59@shopmail.org,2024-08-25,REGULAR
CUST00728,Kabir Iyer,kabir.iyer33@example.com,2025-01-30,REGULAR
CUST00729,Yash Novak,yash.novak50@inbox.co,2025-09-22,PREMIUM
CUST00730,Maya Larsen,maya.larsen50@example.com,2024-08-18,REGULAR
CUST00731,Cleo Khan,cleo.khan6@example.com,2026-03-23,REGULAR
CUST00732,Adam Reddy,adam.reddy88@shopmail.org,2025-05-24,REGULAR
CUST00733,Marcus Ford,marcus.ford51@example.com,2025-08-26,REGULAR
CUST00734,Jonas Bhatt,jonas.bhatt96@inbox.co,2024-12-18,PREMIUM
CUST00735,Jonas Petrova,jonas.petrova39@shopmail.org,2024-12-26,VIP
CUST00736,Aarav Kim,aarav.kim19@example.com,2026-02-20,REGULAR
CUST00737,Victor Fischer,victor.fischer71@example.com,2026-02-02,REGULAR
CUST00738,Ivan Gill,ivan.gill83@mailbox.net,2025-09-27,REGULAR
CUST00739,Yash Novak,yash.novak15@mailbox.net,2025-02-15,PREMIUM
CUST00740,Victor Iyer,victor.iyer60@example.com,2026-02-14,REGULAR
CUST00741,Kabir Novak,kabir.novak26@inbox.co,2024-11-09,VIP
CUST00742,Ivan Mehta,ivan.mehta13@shopmail.org,2025-03-29,REGULAR
CUST00743,Dev Larsen,dev.larsen58@shopmail.org,2025-12-11,REGULAR
CUST00744,Elena Costa,elena.costa73@shopmail.org,2025-01-04,PREMIUM
CUST00745,Maya Verma,maya.verma41@mailbox.net,2024-08-05,PREMIUM
CUST00746,Maya Cole,maya.cole18@shopmail.org,2025-08-04,PREMIUM
CUST00747,Ruby Ford,ruby.ford40@inbox.co,2025-08-03,REGULAR
CUST00748,Priya Bose,priya.bose18@mailbox.net,2025-05-15,REGULAR
CUST00749,Kabir Khan,kabir.khan65example.com,2024-08-20,PREMIUM
CUST00750,Wren Fischer,wren.fischer28@example.com,2026-03-28,REGULAR
CUST00751,Jonas Rossi,jonas.rossi84@mailbox.net,2025-11-27,REGULAR
CUST00752,Yash Costa,yash.costa18@inbox.co,2025-05-25,REGULAR
CUST00753,Isha Fischer,isha.fischer65@example.com,2025-08-08,PREMIUM
CUST00754,Cleo Verma,cleo.verma18@inbox.co,2026-01-09,REGULAR
CUST00755,Victor Tanaka,victor.tanaka95@inbox.co,2024-12-28,VIP
CUST00756,Rohan Bhatt,rohan.bhatt30@example.com,2025-12-13,REGULAR
CUST00757,Yash Nair,yash.nair67@shopmail.org,2025-02-28,REGULAR
CUST00758,Ruby Nair,ruby.nair84@shopmail.org,2024-09-10,REGULAR
CUST00759,Iris Cole,iris.cole75@mailbox.net,2025-04-27,REGULAR
CUST00760,Noah Bennett,noah.bennett84@example.com,2026-03-25,REGULAR
CUST00761,Noah Bhatt,noah.bhatt52@shopmail.org,2026-01-11,PREMIUM
CUST00762,Ivan Quinn,ivan.quinn78@example.com,2025-12-07,REGULAR
CUST00763,Arjun Ford,arjun.ford30@example.com,2025-01-17,REGULAR
CUST00764,Lena Gill,lena.gill24@mailbox.net,2025-01-01,REGULAR
CUST00765,Diya Bhatt,diya.bhatt43@example.com,2025-09-29,REGULAR
CUST00766,Ethan Mercer,ethan.mercer76@mailbox.net,2025-03-04,PREMIUM
CUST00767,Felix Patel,felix.patel6mailbox.net,2025-04-07,REGULAR
CUST00768,Neel Mehta,neel.mehta6@mailbox.net,2026-01-07,REGULAR
CUST00769,Omar Joshi,omar.joshi52@example.com,2026-01-12,PREMIUM
CUST00770,Marcus Bose,marcus.bose58@inbox.co,2025-03-10,PREMIUM
CUST00771,Neel Bhatt,neel.bhatt77@mailbox.net,2025-09-25,PREMIUM
CUST00772,Priya Vaughn,priya.vaughn22@shopmail.org,2025-04-28,VIP
CUST00773,Milo Costa,milo.costa30@inbox.co,2024-10-10,REGULAR
CUST00774,Vivaan Patel,vivaan.patel67@inbox.co,2025-02-24,PREMIUM
CUST00775,Milo Reddy,milo.reddy61@example.com,2025-01-29,PREMIUM
CUST00776,Jonas Vaughn,jonas.vaughn12@inbox.co,2024-11-29,PREMIUM
CUST00777,Milo Rossi,milo.rossi87@inbox.co,2024-08-02,REGULAR
CUST00778,Chloe Nair,chloe.nair55@mailbox.net,2026-01-25,VIP
CUST00779,Ethan Weber,ethan.weber76@example.com,2025-07-25,REGULAR
CUST00780,Omar Mercer,omar.mercer11@shopmail.org,2025-03-27,REGULAR
CUST00781,Jonas Grant,jonas.grant25@example.com,2025-04-21,PREMIUM
CUST00782,Aarav Tanaka,aarav.tanaka16@example.com,2026-01-18,REGULAR
CUST00783,Tara Larsen,tara.larsen47@example.com,2025-09-23,REGULAR
CUST00784,Wren Novak,wren.novak69@inbox.co,2025-04-25,REGULAR
CUST00785,Cleo Cole,cleo.cole97mailbox.net,2025-09-11,REGULAR
CUST00786,Alice Mercer,alice.mercer48@inbox.co,2025-01-31,REGULAR
CUST00787,Elena Tanaka,elena.tanaka91@inbox.co,2025-07-19,PREMIUM
CUST00788,Diya Bhatt,diya.bhatt90@mailbox.net,2025-11-01,REGULAR
CUST00789,Adam Fischer,adam.fischer71@example.com,2025-07-13,REGULAR
CUST00790,Aarav Bose,aarav.bose61@inbox.co,2024-12-27,REGULAR
CUST00791,Omar Bhatt,omar.bhatt11@example.com,2025-08-15,PREMIUM
CUST00792,Zara Hale,zara.hale92@example.com,2025-05-21,VIP
CUST00793,Priya Quinn,priya.quinn2@mailbox.net,2025-10-24,PREMIUM
CUST00794,Iris Petrova,iris.petrova5@mailbox.net,2025-02-16,REGULAR
CUST00795,Rohan Bennett,rohan.bennett84@example.com,2025-04-02,VIP
CUST00796,Isha Cole,isha.cole46@inbox.co,2025-09-14,REGULAR
CUST00797,Dev Hale,dev.hale95@example.com,2024-08-16,VIP
CUST00798,Alice Petrova,alice.petrova75shopmail.org,2026-02-24,REGULAR
CUST00799,Lena Bhatt,lena.bhatt25@inbox.co,2026-04-13,VIP
CUST00800,Victor Sharma,victor.sharma23@inbox.co,2025-04-25,REGULAR
