region_code,order_date,daily_revenue,running_total
CENTRAL,2024-09-23,2216.07,2216.07
CENTRAL,2024-10-07,2169.35,4385.42
CENTRAL,2024-10-18,5345.76,9731.18
CENTRAL,2024-10-23,173.65,9904.83
CENTRAL,2024-10-28,786.24,10691.07
CENTRAL,2024-11-09,4439.82,15130.89
CENTRAL,2024-11-18,2103.81,17234.7
CENTRAL,2024-12-02,1475.0,18709.7
CENTRAL,2024-12-03,810.1,19519.8
CENTRAL,2024-12-10,2767.69,22287.49
CENTRAL,2024-12-26,-29.98,22257.51
CENTRAL,2024-12-30,231.41,22488.92
CENTRAL,2025-01-07,560.95,23049.87
CENTRAL,2025-01-11,548.7,23598.57
CENTRAL,2025-01-12,390.4,23988.97
CENTRAL,2025-01-14,392.73,24381.7
CENTRAL,2025-01-17,194.45,24576.15
CENTRAL,2025-01-19,111.13,24687.28
CENTRAL,2025-01-24,380.25,25067.53
CENTRAL,2025-01-25,2532.7,27600.23
CENTRAL,2025-01-29,134.56,27734.79
CENTRAL,2025-02-01,69.29,27804.08
CENTRAL,2025-02-02,-47.32,27756.76
CENTRAL,2025-02-04,192.66,27949.42
CENTRAL,2025-02-07,207.21,28156.63
CENTRAL,2025-02-16,1007.54,29164.17
CENTRAL,2025-02-18,3048.17,32212.34
CENTRAL,2025-02-19,287.05,32499.39
CENTRAL,2025-02-22,356.25,32855.64
CENTRAL,2025-02-28,1556.52,34412.16
CENTRAL,2025-03-05,640.55,35052.71
CENTRAL,2025-03-06,3529.25,38581.96
CENTRAL,2025-03-10,4764.32,43346.28
CENTRAL,2025-03-13,1090.95,44437.23
CENTRAL,2025-03-16,2306.0,46743.23
CENTRAL,2025-03-18,2536.49,49279.72
CENTRAL,2025-03-20,210.86,49490.58
CENTRAL,2025-03-26,542.43,50033.01
CENTRAL,2025-03-27,4790.42,54823.43
CENTRAL,2025-04-01,7588.46,62411.89
CENTRAL,2025-04-02,151.93,62563.82
CENTRAL,2025-04-04,1491.45,64055.27
CENTRAL,2025-04-07,3487.37,67542.64
CENTRAL,2025-04-08,432.22,67974.86
CENTRAL,2025-04-12,187.14,68162.0
CENTRAL,2025-04-20,896.69,69058.69
CENTRAL,2025-04-21,1421.28,70479.97
CENTRAL,2025-04-25,818.52,71298.49
CENTRAL,2025-04-26,80.16,71378.65
CENTRAL,2025-04-27,5593.57,76972.22
CENTRAL,2025-04-30,774.48,77746.7
CENTRAL,2025-05-01,63.21,77809.91
CENTRAL,2025-05-08,141.24,77951.15
CENTRAL,2025-05-09,811.8,78762.95
CENTRAL,2025-05-13,1323.24,80086.19
CENTRAL,2025-05-14,-14.59,80071.6
CENTRAL,2025-05-15,2273.62,82345.22
CENTRAL,2025-05-16,924.96,83270.18
CENTRAL,2025-05-18,259.34,83529.52
CENTRAL,2025-05-21,1435.11,84964.63
CENTRAL,2025-05-23,900.77,85865.4
CENTRAL,2025-05-24,1559.33,87424.73
CENTRAL,2025-05-25,17.75,87442.48
CENTRAL,2025-05-28,5339.84,92782.32
CENTRAL,2025-05-30,1603.52,94385.84
CENTRAL,2025-05-31,388.81,94774.65
CENTRAL,2025-06-02,340.06,95114.71
CENTRAL,2025-06-03,3971.23,99085.94
CENTRAL,2025-06-04,3362.64,102448.58
CENTRAL,2025-06-06,602.8,103051.38
CENTRAL,2025-06-10,1250.65,104302.03
CENTRAL,2025-06-11,367.85,104669.88
CENTRAL,2025-06-17,38.95,104708.83
CENTRAL,2025-06-21,1410.73,106119.56
CENTRAL,2025-06-22,1778.09,107897.65
CENTRAL,2025-06-23,3007.87,110905.52
CENTRAL,2025-06-27,1214.64,112120.16
CENTRAL,2025-07-01,12.63,112132.79
CENTRAL,2025-07-03,3304.29,115437.08
CENTRAL,2025-07-05,283.4,115720.48
CENTRAL,2025-07-07,1157.57,116878.05
CENTRAL,2025-07-11,2196.71,119074.76
CENTRAL,2025-07-12,1316.24,120391.0
CENTRAL,2025-07-13,3029.84,123420.84
CENTRAL,2025-07-14,834.4,124255.24
CENTRAL,2025-07-17,2507.28,126762.52
CENTRAL,2025-07-20,1163.88,127926.4
CENTRAL,2025-07-21,5099.89,133026.29
CENTRAL,2025-07-24,435.1,133461.39
CENTRAL,2025-07-25,1569.5,135030.89
CENTRAL,2025-07-26,964.68,135995.57
CENTRAL,2025-07-29,2119.15,138114.72
CENTRAL,2025-07-30,3097.23,141211.95
CENTRAL,2025-07-31,1863.32,143075.27
CENTRAL,2025-08-02,49.05,143124.32
CENTRAL,2025-08-03,296.13,143420.45
CENTRAL,2025-08-05,-3256.92,140163.53
CENTRAL,2025-08-06,160.14,140323.67
CENTRAL,2025-08-07,263.63,140587.3
CENTRAL,2025-08-08,3616.93,144204.23
CENTRAL,2025-08-09,1005.21,145209.44
CENTRAL,2025-08-12,508.95,145718.39
CENTRAL,2025-08-13,1251.64,146970.03
CENTRAL,2025-08-14,1234.61,148204.64
CENTRAL,2025-08-15,289.06,148493.7
CENTRAL,2025-08-16,251.75,148745.45
CENTRAL,2025-08-19,2525.42,151270.87
CENTRAL,2025-08-23,-203.93,151066.94
CENTRAL,2025-08-26,2158.71,153225.65
CENTRAL,2025-08-28,450.21,153675.86
CENTRAL,2025-08-30,5344.89,159020.75
CENTRAL,2025-09-01,2515.95,161536.7
CENTRAL,2025-09-02,-197.4,161339.3
CENTRAL,2025-09-04,385.32,161724.62
CENTRAL,2025-09-05,87.81,161812.43
CENTRAL,2025-09-06,2347.06,164159.49
CENTRAL,2025-09-07,1857.69,166017.18
CENTRAL,2025-09-08,1469.89,167487.07
CENTRAL,2025-09-10,191.77,167678.84
CENTRAL,2025-09-12,517.5,168196.34
CENTRAL,2025-09-14,307.63,168503.97
CENTRAL,2025-09-16,20.85,168524.82
CENTRAL,2025-09-17,2873.56,171398.38
CENTRAL,2025-09-18,3107.78,174506.16
CENTRAL,2025-09-22,3568.73,178074.89
CENTRAL,2025-09-23,-577.93,177496.96
CENTRAL,2025-09-24,484.78,177981.74
CENTRAL,2025-09-26,93.3,178075.04
CENTRAL,2025-09-28,318.31,178393.35
CENTRAL,2025-09-29,67.81,178461.16
CENTRAL,2025-09-30,1908.22,180369.38
CENTRAL,2025-10-05,46.03,180415.41
CENTRAL,2025-10-06,5055.85,185471.26
CENTRAL,2025-10-07,2010.72,187481.98
CENTRAL,2025-10-08,2683.74,190165.72
CENTRAL,2025-10-10,1773.71,191939.43
CENTRAL,2025-10-11,3520.12,195459.55
CENTRAL,2025-10-13,187.14,195646.69
CENTRAL,2025-10-14,258.06,195904.75
CENTRAL,2025-10-15,2440.29,198345.04
CENTRAL,2025-10-17,1927.37,200272.41
CENTRAL,2025-10-18,326.22,200598.63
CENTRAL,2025-10-19,454.41,201053.04
CENTRAL,2025-10-20,2031.84,203084.88
CENTRAL,2025-10-21,2585.3,205670.18
CENTRAL,2025-10-22,73.08,205743.26
CENTRAL,2025-10-23,584.77,206328.03
CENTRAL,2025-10-25,1692.83,208020.86
CENTRAL,2025-10-26,279.35,208300.21
CENTRAL,2025-10-28,232.72,208532.93
CENTRAL,2025-10-29,447.9,208980.83
CENTRAL,2025-10-31,9994.45,218975.28
CENTRAL,2025-11-01,410.54,219385.82
CENTRAL,2025-11-03,1378.25,220764.07
CENTRAL,2025-11-05,2565.23,223329.3
CENTRAL,2025-11-06,248.43,223577.73
CENTRAL,2025-11-07,546.13,224123.86
CENTRAL,2025-11-08,-652.01,223471.85
CENTRAL,2025-11-09,3301.08,226772.93
CENTRAL,2025-11-11,387.65,227160.58
CENTRAL,2025-11-12,625.38,227785.96
CENTRAL,2025-11-13,761.08,228547.04
CENTRAL,2025-11-14,685.38,229232.42
CENTRAL,2025-11-15,1481.29,230713.71
CENTRAL,2025-11-16,4657.63,235371.34
CENTRAL,2025-11-17,2473.32,237844.66
CENTRAL,2025-11-18,4957.57,242802.23
CENTRAL,2025-11-20,9923.56,252725.79
CENTRAL,2025-11-21,614.48,253340.27
CENTRAL,2025-11-22,3202.21,256542.48
CENTRAL,2025-11-23,2108.58,258651.06
CENTRAL,2025-11-24,730.58,259381.64
CENTRAL,2025-11-26,306.55,259688.19
CENTRAL,2025-11-28,57.25,259745.44
CENTRAL,2025-11-30,4907.78,264653.22
CENTRAL,2025-12-01,132.25,264785.47
CENTRAL,2025-12-02,135.44,264920.91
CENTRAL,2025-12-03,2086.95,267007.86
CENTRAL,2025-12-04,92.81,267100.67
CENTRAL,2025-12-05,519.03,267619.7
CENTRAL,2025-12-06,2309.89,269929.59
CENTRAL,2025-12-07,2644.82,272574.41
CENTRAL,2025-12-08,1259.66,273834.07
CENTRAL,2025-12-09,236.82,274070.89
CENTRAL,2025-12-10,2107.92,276178.81
CENTRAL,2025-12-11,25.97,276204.78
CENTRAL,2025-12-12,-626.91,275577.87
CENTRAL,2025-12-13,424.83,276002.7
CENTRAL,2025-12-16,1464.26,277466.96
CENTRAL,2025-12-17,1819.74,279286.7
CENTRAL,2025-12-18,432.67,279719.37
CENTRAL,2025-12-20,7401.56,287120.93
CENTRAL,2025-12-21,1977.63,289098.56
CENTRAL,2025-12-22,5324.94,294423.5
CENTRAL,2025-12-23,4616.41,299039.91
CENTRAL,2025-12-24,245.49,299285.4
CENTRAL,2025-12-26,991.65,300277.05
CENTRAL,2025-12-27,1545.83,301822.88
CENTRAL,2025-12-28,2025.06,303847.94
CENTRAL,2025-12-30,3333.72,307181.66
CENTRAL,2025-12-31,3158.8,310340.46
CENTRAL,2026-01-01,136.15,310476.61
CENTRAL,2026-01-02,5541.56,316018.17
CENTRAL,2026-01-04,1105.06,317123.23
CENTRAL,2026-01-05,153.26,317276.49
CENTRAL,2026-01-06,1833.19,319109.68
CENTRAL,2026-01-07,1018.42,320128.1
CENTRAL,2026-01-08,2497.11,322625.21
CENTRAL,2026-01-09,4030.26,326655.47
CENTRAL,2026-01-10,2043.66,328699.13
CENTRAL,2026-01-11,667.32,329366.45
CENTRAL,2026-01-12,3041.75,332408.2
CENTRAL,2026-01-13,393.73,332801.93
CENTRAL,2026-01-15,1283.74,334085.67
CENTRAL,2026-01-16,732.08,334817.75
CENTRAL,2026-01-17,3371.49,338189.24
CENTRAL,2026-01-18,1150.97,339340.21
CENTRAL,2026-01-19,4563.05,343903.26
CENTRAL,2026-01-23,30.88,343934.14
CENTRAL,2026-01-24,3659.91,347594.05
CENTRAL,2026-01-25,184.06,347778.11
CENTRAL,2026-01-27,1464.6,349242.71
CENTRAL,2026-01-28,2399.29,351642.0
CENTRAL,2026-01-29,811.04,352453.04
CENTRAL,2026-01-30,2880.21,355333.25
CENTRAL,2026-02-01,1045.6,356378.85
CENTRAL,2026-02-02,3152.15,359531.0
CENTRAL,2026-02-03,3778.22,363309.22
CENTRAL,2026-02-05,5749.87,369059.09
CENTRAL,2026-02-07,670.39,369729.48
CENTRAL,2026-02-09,407.88,370137.36
CENTRAL,2026-02-10,6721.1,376858.46
CENTRAL,2026-02-11,1206.53,378064.99
CENTRAL,2026-02-12,2371.19,380436.18
CENTRAL,2026-02-14,27.07,380463.25
CENTRAL,2026-02-15,634.32,381097.57
CENTRAL,2026-02-18,1525.63,382623.2
CENTRAL,2026-02-19,522.45,383145.65
CENTRAL,2026-02-20,1346.64,384492.29
CENTRAL,2026-02-21,126.47,384618.76
CENTRAL,2026-02-23,5800.64,390419.4
CENTRAL,2026-02-24,434.23,390853.63
CENTRAL,2026-02-25,1861.79,392715.42
CENTRAL,2026-02-26,5283.1,397998.52
CENTRAL,2026-02-27,-1921.33,396077.19
CENTRAL,2026-02-28,519.33,396596.52
CENTRAL,2026-03-01,2833.78,399430.3
CENTRAL,2026-03-02,140.72,399571.02
CENTRAL,2026-03-03,771.91,400342.93
CENTRAL,2026-03-05,764.85,401107.78
CENTRAL,2026-03-06,2914.41,404022.19
CENTRAL,2026-03-07,2791.34,406813.53
CENTRAL,2026-03-08,812.84,407626.37
CENTRAL,2026-03-09,3189.1,410815.47
CENTRAL,2026-03-10,13265.14,424080.61
CENTRAL,2026-03-11,7818.61,431899.22
CENTRAL,2026-03-12,3754.84,435654.06
CENTRAL,2026-03-13,2398.87,438052.93
CENTRAL,2026-03-14,1638.73,439691.66
CENTRAL,2026-03-15,1302.01,440993.67
CENTRAL,2026-03-16,1975.54,442969.21
CENTRAL,2026-03-17,3454.87,446424.08
CENTRAL,2026-03-19,3643.76,450067.84
CENTRAL,2026-03-20,1740.42,451808.26
CENTRAL,2026-03-22,4448.43,456256.69
CENTRAL,2026-03-23,1031.1,457287.79
CENTRAL,2026-03-24,2348.28,459636.07
CENTRAL,2026-03-25,225.09,459861.16
CENTRAL,2026-03-26,8.84,459870.0
CENTRAL,2026-03-28,2728.18,462598.18
CENTRAL,2026-03-29,3734.94,466333.12
CENTRAL,2026-03-30,1626.16,467959.28
CENTRAL,2026-03-31,1630.11,469589.39
CENTRAL,2026-04-01,260.93,469850.32
CENTRAL,2026-04-02,3931.86,473782.18
CENTRAL,2026-04-03,62.94,473845.12
CENTRAL,2026-04-04,2877.27,476722.39
CENTRAL,2026-04-05,14.8,476737.19
CENTRAL,2026-04-06,9093.62,485830.81
CENTRAL,2026-04-08,10605.67,496436.48
CENTRAL,2026-04-09,4360.76,500797.24
CENTRAL,2026-04-10,3965.92,504763.16
CENTRAL,2026-04-13,443.52,505206.68
CENTRAL,2026-04-14,263.88,505470.56
CENTRAL,2026-04-15,2650.48,508121.04
CENTRAL,2026-04-16,-37.35,508083.69
CENTRAL,2026-04-17,116.38,508200.07
CENTRAL,2026-04-18,1277.77,509477.84
CENTRAL,2026-04-19,822.71,510300.55
CENTRAL,2026-04-22,6891.22,517191.77
CENTRAL,2026-04-24,4212.16,521403.93
CENTRAL,2026-04-25,139.47,521543.4
CENTRAL,2026-04-26,16.45,521559.85
CENTRAL,2026-04-27,3869.08,525428.93
CENTRAL,2026-04-28,4785.07,530214.0
CENTRAL,2026-04-29,150.74,530364.74
CENTRAL,2026-04-30,2157.32,532522.06
CENTRAL,2026-05-01,806.64,533328.7
CENTRAL,2026-05-03,3892.14,537220.84
CENTRAL,2026-05-04,695.1,537915.94
CENTRAL,2026-05-05,5126.06,543042.0
CENTRAL,2026-05-07,8787.46,551829.46
CENTRAL,2026-05-08,4434.65,556264.11
CENTRAL,2026-05-10,773.59,557037.7
CENTRAL,2026-05-11,1770.88,558808.58
CENTRAL,2026-05-12,2066.76,560875.34
CENTRAL,2026-05-13,17.11,560892.45
CENTRAL,2026-05-14,1905.03,562797.48
CENTRAL,2026-05-15,3287.81,566085.29
CENTRAL,2026-05-16,980.17,567065.46
CENTRAL,2026-05-17,8221.19,575286.65
CENTRAL,2026-05-18,1365.19,576651.84
CENTRAL,2026-05-19,1763.43,578415.27
CENTRAL,2026-05-20,2252.15,580667.42
CENTRAL,2026-05-21,938.39,581605.81
CENTRAL,2026-05-22,2253.99,583859.8
CENTRAL,2026-05-24,7576.44,591436.24
CENTRAL,2026-05-25,1277.81,592714.05
CENTRAL,2026-05-26,1707.29,594421.34
CENTRAL,2026-05-27,3394.96,597816.3
CENTRAL,2026-05-28,5958.16,603774.46
CENTRAL,2026-05-29,1130.02,604904.48
CENTRAL,2026-05-31,1816.43,606720.91
CENTRAL,2026-06-01,4228.34,610949.25
CENTRAL,2026-06-03,-662.75,610286.5
CENTRAL,2026-06-04,92.23,610378.73
CENTRAL,2026-06-05,475.49,610854.22
CENTRAL,2026-06-06,850.93,611705.15
CENTRAL,2026-06-07,2722.59,614427.74
CENTRAL,2026-06-08,2100.51,616528.25
CENTRAL,2026-06-09,-429.77,616098.48
CENTRAL,2026-06-10,2422.21,618520.69
CENTRAL,2026-06-11,350.61,618871.3
CENTRAL,2026-06-12,2202.17,621073.47
CENTRAL,2026-06-13,1357.82,622431.29
CENTRAL,2026-06-14,3321.78,625753.07
CENTRAL,2026-06-15,3442.73,629195.8
CENTRAL,2026-06-16,2625.91,631821.71
CENTRAL,2026-06-17,562.04,632383.75
CENTRAL,2026-06-18,2470.73,634854.48
CENTRAL,2026-06-19,3354.43,638208.91
CENTRAL,2026-06-20,229.16,638438.07
CENTRAL,2026-06-21,170.92,638608.99
CENTRAL,2026-06-22,1128.11,639737.1
CENTRAL,2026-06-23,6277.74,646014.84
CENTRAL,2026-06-24,460.62,646475.46
CENTRAL,2026-06-25,4659.26,651134.72
CENTRAL,2026-06-26,2308.65,653443.37
CENTRAL,2026-06-27,761.2,654204.57
CENTRAL,2026-06-28,3996.68,658201.25
CENTRAL,2026-06-29,288.07,658489.32
CENTRAL,2026-06-30,2960.73,661450.05
CENTRAL,2026-07-01,1725.64,663175.69
CENTRAL,2026-07-04,5591.07,668766.76
CENTRAL,2026-07-05,4463.2,673229.96
CENTRAL,2026-07-06,17.96,673247.92
CENTRAL,2026-07-07,5881.98,679129.9
CENTRAL,2026-07-08,3176.93,682306.83
CENTRAL,2026-07-09,14.54,682321.37
CENTRAL,2026-07-10,-552.99,681768.38
CENTRAL,2026-07-11,4301.61,686069.99
CENTRAL,2026-07-13,874.59,686944.58
CENTRAL,2026-07-14,73.46,687018.04
CENTRAL,2026-07-15,6361.73,693379.77
CENTRAL,2026-07-16,2445.98,695825.75
CENTRAL,2026-07-17,950.27,696776.02
CENTRAL,2026-07-18,3203.71,699979.73
CENTRAL,2026-07-19,15917.43,715897.16
CENTRAL,2026-07-20,3360.5,719257.66
CENTRAL,2026-07-21,5511.07,724768.73
CENTRAL,2026-07-22,6032.34,730801.07
CENTRAL,2026-07-23,1253.35,732054.42
CENTRAL,2026-07-25,1750.59,733805.01
CENTRAL,2026-07-26,43.47,733848.48
CENTRAL,2026-07-27,83.35,733931.83
CENTRAL,2026-07-28,7918.87,741850.7
CENTRAL,2026-07-29,5145.41,746996.11
CENTRAL,2026-07-30,214.95,747211.06
CENTRAL,2026-07-31,1019.09,748230.15
CENTRAL,2026-08-01,507.05,748737.2
EAST,2024-08-30,117.18,117.18
EAST,2024-09-17,3697.29,3814.47
EAST,2024-09-24,93.2,3907.67
EAST,2024-10-06,205.56,4113.23
EAST,2024-10-15,2100.25,6213.48
EAST,2024-10-21,537.31,6750.79
EAST,2024-11-08,1229.89,7980.68
EAST,2024-11-26,567.9,8548.58
EAST,2024-11-27,3783.64,12332.22
EAST,2024-12-02,218.39,12550.61
EAST,2024-12-07,-1882.96,10667.65
EAST,2024-12-19,761.15,11428.8
EAST,2024-12-21,2389.34,13818.14
EAST,2024-12-24,841.12,14659.26
EAST,2024-12-26,77.6,14736.86
EAST,2024-12-27,641.04,15377.9
EAST,2024-12-29,2279.06,17656.96
EAST,2025-01-01,1980.05,19637.01
EAST,2025-01-06,378.98,20015.99
EAST,2025-01-14,157.61,20173.6
EAST,2025-01-15,444.7,20618.3
EAST,2025-01-20,38.52,20656.82
EAST,2025-01-23,456.03,21112.85
EAST,2025-01-28,846.58,21959.43
EAST,2025-01-29,566.01,22525.44
EAST,2025-02-01,883.66,23409.1
EAST,2025-02-03,2047.29,25456.39
EAST,2025-02-13,1255.15,26711.54
EAST,2025-02-23,2288.97,29000.51
EAST,2025-02-25,2681.49,31682.0
EAST,2025-02-26,-1505.58,30176.42
EAST,2025-03-01,11.02,30187.44
EAST,2025-03-02,1544.81,31732.25
EAST,2025-03-04,1250.1,32982.35
EAST,2025-03-06,2547.14,35529.49
EAST,2025-03-07,1488.81,37018.3
EAST,2025-03-12,-10.07,37008.23
EAST,2025-03-16,405.12,37413.35
EAST,2025-03-17,-5175.39,32237.96
EAST,2025-03-18,4129.85,36367.81
EAST,2025-03-20,4408.16,40775.97
EAST,2025-03-23,12.79,40788.76
EAST,2025-03-24,3103.86,43892.62
EAST,2025-03-25,583.11,44475.73
EAST,2025-03-27,1938.03,46413.76
EAST,2025-03-30,506.11,46919.87
EAST,2025-04-01,1666.7,48586.57
EAST,2025-04-02,1125.34,49711.91
EAST,2025-04-04,780.17,50492.08
EAST,2025-04-06,50.03,50542.11
EAST,2025-04-07,5114.37,55656.48
EAST,2025-04-09,1270.47,56926.95
EAST,2025-04-10,1737.0,58663.95
EAST,2025-04-11,296.12,58960.07
EAST,2025-04-13,98.43,59058.5
EAST,2025-04-20,1502.49,60560.99
EAST,2025-04-22,998.86,61559.85
EAST,2025-04-23,1340.72,62900.57
EAST,2025-04-24,2928.62,65829.19
EAST,2025-04-25,2768.11,68597.3
EAST,2025-04-26,66.17,68663.47
EAST,2025-04-28,325.79,68989.26
EAST,2025-04-29,656.05,69645.31
EAST,2025-05-01,-267.73,69377.58
EAST,2025-05-02,896.75,70274.33
EAST,2025-05-03,14.44,70288.77
EAST,2025-05-06,1586.34,71875.11
EAST,2025-05-12,282.14,72157.25
EAST,2025-05-14,1280.23,73437.48
EAST,2025-05-15,5402.62,78840.1
EAST,2025-05-17,1729.14,80569.24
EAST,2025-05-18,353.43,80922.67
EAST,2025-05-20,169.21,81091.88
EAST,2025-05-21,2790.87,83882.75
EAST,2025-05-26,1470.33,85353.08
EAST,2025-05-29,4083.22,89436.3
EAST,2025-05-30,3888.72,93325.02
EAST,2025-05-31,3836.48,97161.5
EAST,2025-06-03,3184.48,100345.98
EAST,2025-06-04,1621.36,101967.34
EAST,2025-06-06,906.92,102874.26
EAST,2025-06-07,147.76,103022.02
EAST,2025-06-09,786.99,103809.01
EAST,2025-06-12,286.81,104095.82
EAST,2025-06-14,425.54,104521.36
EAST,2025-06-17,991.76,105513.12
EAST,2025-06-18,443.81,105956.93
EAST,2025-06-20,2312.78,108269.71
EAST,2025-06-25,1981.61,110251.32
EAST,2025-06-26,2009.75,112261.07
EAST,2025-06-27,30.55,112291.62
EAST,2025-07-02,70.37,112361.99
EAST,2025-07-04,106.83,112468.82
EAST,2025-07-06,1401.1,113869.92
EAST,2025-07-08,770.49,114640.41
EAST,2025-07-09,2421.54,117061.95
EAST,2025-07-11,1248.33,118310.28
EAST,2025-07-12,2357.72,120668.0
EAST,2025-07-13,79.35,120747.35
EAST,2025-07-14,1042.67,121790.02
EAST,2025-07-15,3957.76,125747.78
EAST,2025-07-16,1468.9,127216.68
EAST,2025-07-17,30.51,127247.19
EAST,2025-07-18,493.7,127740.89
EAST,2025-07-20,1235.57,128976.46
EAST,2025-07-21,7433.91,136410.37
EAST,2025-07-22,366.84,136777.21
EAST,2025-07-23,3948.96,140726.17
EAST,2025-07-25,173.05,140899.22
EAST,2025-07-26,1043.63,141942.85
EAST,2025-07-27,76.64,142019.49
EAST,2025-07-29,3353.89,145373.38
EAST,2025-07-30,1192.16,146565.54
EAST,2025-07-31,48.26,146613.8
EAST,2025-08-04,2233.57,148847.37
EAST,2025-08-06,2010.07,150857.44
EAST,2025-08-07,1112.28,151969.72
EAST,2025-08-08,3727.72,155697.44
EAST,2025-08-09,2270.67,157968.11
EAST,2025-08-10,3394.49,161362.6
EAST,2025-08-11,28.26,161390.86
EAST,2025-08-12,726.72,162117.58
EAST,2025-08-13,5430.59,167548.17
EAST,2025-08-16,880.59,168428.76
EAST,2025-08-17,3803.81,172232.57
EAST,2025-08-18,1872.22,174104.79
EAST,2025-08-20,152.79,174257.58
EAST,2025-08-21,1119.83,175377.41
EAST,2025-08-22,970.28,176347.69
EAST,2025-08-23,6308.41,182656.1
EAST,2025-08-24,130.57,182786.67
EAST,2025-08-26,1792.56,184579.23
EAST,2025-08-27,154.1,184733.33
EAST,2025-08-28,3078.72,187812.05
EAST,2025-09-02,1471.78,189283.83
EAST,2025-09-03,260.84,189544.67
EAST,2025-09-04,1515.48,191060.15
EAST,2025-09-06,270.22,191330.37
EAST,2025-09-07,4023.89,195354.26
EAST,2025-09-08,4559.11,199913.37
EAST,2025-09-09,1086.8,201000.17
EAST,2025-09-10,778.26,201778.43
EAST,2025-09-11,478.16,202256.59
EAST,2025-09-12,3367.88,205624.47
EAST,2025-09-16,1246.94,206871.41
EAST,2025-09-17,254.55,207125.96
EAST,2025-09-18,1655.12,208781.08
EAST,2025-09-19,4146.06,212927.14
EAST,2025-09-21,-338.93,212588.21
EAST,2025-09-22,1666.84,214255.05
EAST,2025-09-24,21.01,214276.06
EAST,2025-09-25,193.95,214470.01
EAST,2025-09-26,622.39,215092.4
EAST,2025-09-27,1607.34,216699.74
EAST,2025-09-28,438.1,217137.84
EAST,2025-09-29,1284.4,218422.24
EAST,2025-10-01,315.79,218738.03
EAST,2025-10-02,1525.28,220263.31
EAST,2025-10-03,4026.84,224290.15
EAST,2025-10-04,714.36,225004.51
EAST,2025-10-05,1984.85,226989.36
EAST,2025-10-06,1267.77,228257.13
EAST,2025-10-09,320.88,228578.01
EAST,2025-10-11,2558.71,231136.72
EAST,2025-10-13,1229.05,232365.77
EAST,2025-10-14,1037.63,233403.4
EAST,2025-10-15,4291.17,237694.57
EAST,2025-10-16,2560.79,240255.36
EAST,2025-10-17,1838.44,242093.8
EAST,2025-10-18,62.02,242155.82
EAST,2025-10-20,519.53,242675.35
EAST,2025-10-22,1261.04,243936.39
EAST,2025-10-26,95.97,244032.36
EAST,2025-10-27,-104.02,243928.34
EAST,2025-10-28,893.96,244822.3
EAST,2025-10-30,4276.03,249098.33
EAST,2025-10-31,164.78,249263.11
EAST,2025-11-02,3252.03,252515.14
EAST,2025-11-03,1578.38,254093.52
EAST,2025-11-04,2201.42,256294.94
EAST,2025-11-05,95.34,256390.28
EAST,2025-11-06,237.52,256627.8
EAST,2025-11-10,5676.39,262304.19
EAST,2025-11-12,1448.91,263753.1
EAST,2025-11-13,943.56,264696.66
EAST,2025-11-14,2620.67,267317.33
EAST,2025-11-15,2333.99,269651.32
EAST,2025-11-16,5023.12,274674.44
EAST,2025-11-17,1455.03,276129.47
EAST,2025-11-18,1486.91,277616.38
EAST,2025-11-20,1723.63,279340.01
EAST,2025-11-21,-166.18,279173.83
EAST,2025-11-22,1762.27,280936.1
EAST,2025-11-23,1002.46,281938.56
EAST,2025-11-25,121.1,282059.66
EAST,2025-11-27,664.12,282723.78
EAST,2025-11-28,1446.38,284170.16
EAST,2025-11-29,4321.52,288491.68
EAST,2025-11-30,1663.63,290155.31
EAST,2025-12-01,12.68,290167.99
EAST,2025-12-02,3541.42,293709.41
EAST,2025-12-03,251.86,293961.27
EAST,2025-12-04,1255.01,295216.28
EAST,2025-12-05,969.46,296185.74
EAST,2025-12-06,973.64,297159.38
EAST,2025-12-08,1342.12,298501.5
EAST,2025-12-09,828.94,299330.44
EAST,2025-12-11,300.46,299630.9
EAST,2025-12-12,55.17,299686.07
EAST,2025-12-13,8937.82,308623.89
EAST,2025-12-14,815.27,309439.16
EAST,2025-12-16,5877.59,315316.75
EAST,2025-12-17,2210.25,317527.0
EAST,2025-12-18,2080.65,319607.65
EAST,2025-12-21,-376.03,319231.62
EAST,2025-12-22,601.99,319833.61
EAST,2025-12-23,1723.74,321557.35
EAST,2025-12-24,4120.89,325678.24
EAST,2025-12-27,732.47,326410.71
EAST,2025-12-28,3795.44,330206.15
EAST,2025-12-29,1154.82,331360.97
EAST,2025-12-30,1156.03,332517.0
EAST,2025-12-31,4526.25,337043.25
EAST,2026-01-01,288.53,337331.78
EAST,2026-01-02,1720.56,339052.34
EAST,2026-01-03,3517.0,342569.34
EAST,2026-01-06,153.65,342722.99
EAST,2026-01-07,2885.38,345608.37
EAST,2026-01-08,847.68,346456.05
EAST,2026-01-09,2336.26,348792.31
EAST,2026-01-10,836.05,349628.36
EAST,2026-01-11,762.99,350391.35
EAST,2026-01-12,434.55,350825.9
EAST,2026-01-13,410.29,351236.19
EAST,2026-01-14,2155.27,353391.46
EAST,2026-01-15,226.2,353617.66
EAST,2026-01-16,5124.1,358741.76
EAST,2026-01-17,170.53,358912.29
EAST,2026-01-18,2452.47,361364.76
EAST,2026-01-19,1212.89,362577.65
EAST,2026-01-20,-1750.55,360827.1
EAST,2026-01-22,4716.04,365543.14
EAST,2026-01-26,1473.8,367016.94
EAST,2026-01-28,2518.4,369535.34
EAST,2026-01-29,4155.26,373690.6
EAST,2026-01-30,4465.15,378155.75
EAST,2026-02-01,3728.51,381884.26
EAST,2026-02-02,6578.36,388462.62
EAST,2026-02-03,7660.81,396123.43
EAST,2026-02-04,2493.13,398616.56
EAST,2026-02-05,227.55,398844.11
EAST,2026-02-06,2176.09,401020.2
EAST,2026-02-07,1034.89,402055.09
EAST,2026-02-08,4936.06,406991.15
EAST,2026-02-10,123.39,407114.54
EAST,2026-02-11,6583.47,413698.01
EAST,2026-02-12,4249.33,417947.34
EAST,2026-02-13,260.66,418208.0
EAST,2026-02-15,5598.35,423806.35
EAST,2026-02-17,20.15,423826.5
EAST,2026-02-18,968.21,424794.71
EAST,2026-02-19,2427.42,427222.13
EAST,2026-02-20,616.09,427838.22
EAST,2026-02-21,10808.15,438646.37
EAST,2026-02-22,2347.74,440994.11
EAST,2026-02-23,1874.83,442868.94
EAST,2026-02-24,2063.12,444932.06
EAST,2026-02-25,3581.45,448513.51
EAST,2026-02-26,300.61,448814.12
EAST,2026-02-27,2444.7,451258.82
EAST,2026-02-28,1916.2,453175.02
EAST,2026-03-01,5202.45,458377.47
EAST,2026-03-02,497.03,458874.5
EAST,2026-03-03,4482.09,463356.59
EAST,2026-03-04,699.0,464055.59
EAST,2026-03-05,486.13,464541.72
EAST,2026-03-06,10281.59,474823.31
EAST,2026-03-07,2760.08,477583.39
EAST,2026-03-08,9670.98,487254.37
EAST,2026-03-09,2547.76,489802.13
EAST,2026-03-10,1956.57,491758.7
EAST,2026-03-11,3525.95,495284.65
EAST,2026-03-12,9.68,495294.33
EAST,2026-03-13,121.74,495416.07
EAST,2026-03-14,410.29,495826.36
EAST,2026-03-15,474.96,496301.32
EAST,2026-03-16,2281.73,498583.05
EAST,2026-03-17,1599.32,500182.37
EAST,2026-03-18,2817.4,502999.77
EAST,2026-03-19,298.71,503298.48
EAST,2026-03-20,7539.43,510837.91
EAST,2026-03-21,15.15,510853.06
EAST,2026-03-22,292.72,511145.78
EAST,2026-03-23,817.41,511963.19
EAST,2026-03-24,2782.93,514746.12
EAST,2026-03-26,2465.26,517211.38
EAST,2026-03-27,734.69,517946.07
EAST,2026-03-29,52.34,517998.41
EAST,2026-03-30,4798.71,522797.12
EAST,2026-03-31,2150.3,524947.42
EAST,2026-04-01,1846.75,526794.17
EAST,2026-04-02,4386.34,531180.51
EAST,2026-04-03,3698.34,534878.85
EAST,2026-04-04,2113.56,536992.41
EAST,2026-04-05,280.83,537273.24
EAST,2026-04-06,4421.5,541694.74
EAST,2026-04-07,276.66,541971.4
EAST,2026-04-08,675.3,542646.7
EAST,2026-04-09,544.63,543191.33
EAST,2026-04-10,148.76,543340.09
EAST,2026-04-11,1824.26,545164.35
EAST,2026-04-12,-1291.36,543872.99
EAST,2026-04-13,3016.66,546889.65
EAST,2026-04-14,991.57,547881.22
EAST,2026-04-15,2970.79,550852.01
EAST,2026-04-16,3663.86,554515.87
EAST,2026-04-20,598.95,555114.82
EAST,2026-04-21,95.09,555209.91
EAST,2026-04-22,-438.46,554771.45
EAST,2026-04-23,4415.92,559187.37
EAST,2026-04-24,20484.19,579671.56
EAST,2026-04-25,1140.59,580812.15
EAST,2026-04-27,5003.05,585815.2
EAST,2026-04-28,55.21,585870.41
EAST,2026-04-29,594.74,586465.15
EAST,2026-04-30,4185.76,590650.91
EAST,2026-05-01,2644.17,593295.08
EAST,2026-05-02,882.97,594178.05
EAST,2026-05-03,3817.83,597995.88
EAST,2026-05-04,6432.95,604428.83
EAST,2026-05-06,-748.08,603680.75
EAST,2026-05-07,3033.68,606714.43
EAST,2026-05-08,1103.62,607818.05
EAST,2026-05-09,2777.35,610595.4
EAST,2026-05-10,1271.6,611867.0
EAST,2026-05-11,-1407.18,610459.82
EAST,2026-05-12,1162.51,611622.33
EAST,2026-05-13,1907.2,613529.53
EAST,2026-05-14,2126.71,615656.24
EAST,2026-05-15,2576.55,618232.79
EAST,2026-05-16,1330.67,619563.46
EAST,2026-05-17,875.31,620438.77
EAST,2026-05-18,3581.78,624020.55
EAST,2026-05-19,2278.81,626299.36
EAST,2026-05-20,3918.8,630218.16
EAST,2026-05-21,2975.97,633194.13
EAST,2026-05-22,1750.85,634944.98
EAST,2026-05-23,3215.04,638160.02
EAST,2026-05-24,2614.16,640774.18
EAST,2026-05-25,2355.64,643129.82
EAST,2026-05-26,4351.25,647481.07
EAST,2026-05-27,1695.27,649176.34
EAST,2026-05-28,348.46,649524.8
EAST,2026-05-29,2672.11,652196.91
EAST,2026-05-30,3688.62,655885.53
EAST,2026-05-31,6536.21,662421.74
EAST,2026-06-01,10262.63,672684.37
EAST,2026-06-02,938.31,673622.68
EAST,2026-06-03,3202.98,676825.66
EAST,2026-06-04,614.64,677440.3
EAST,2026-06-05,7741.14,685181.44
EAST,2026-06-06,851.81,686033.25
EAST,2026-06-07,9110.8,695144.05
EAST,2026-06-08,514.94,695658.99
EAST,2026-06-10,3978.84,699637.83
EAST,2026-06-11,-78.16,699559.67
EAST,2026-06-12,2407.19,701966.86
EAST,2026-06-13,936.45,702903.31
EAST,2026-06-14,624.38,703527.69
EAST,2026-06-15,15.4,703543.09
EAST,2026-06-16,1535.65,705078.74
EAST,2026-06-17,4278.37,709357.11
EAST,2026-06-18,2064.44,711421.55
EAST,2026-06-19,6192.86,717614.41
EAST,2026-06-20,4610.32,722224.73
EAST,2026-06-21,7019.62,729244.35
EAST,2026-06-22,253.66,729498.01
EAST,2026-06-23,4114.86,733612.87
EAST,2026-06-24,3165.78,736778.65
EAST,2026-06-25,5117.87,741896.52
EAST,2026-06-26,4970.55,746867.07
EAST,2026-06-27,4556.04,751423.11
EAST,2026-06-28,4708.84,756131.95
EAST,2026-06-29,4982.15,761114.1
EAST,2026-06-30,47.63,761161.73
EAST,2026-07-02,5998.23,767159.96
EAST,2026-07-03,3677.16,770837.12
EAST,2026-07-04,700.11,771537.23
EAST,2026-07-05,2594.54,774131.77
EAST,2026-07-06,379.96,774511.73
EAST,2026-07-07,4096.25,778607.98
EAST,2026-07-08,5207.7,783815.68
EAST,2026-07-09,3012.08,786827.76
EAST,2026-07-10,25.92,786853.68
EAST,2026-07-11,4341.25,791194.93
EAST,2026-07-12,2870.03,794064.96
EAST,2026-07-13,4016.48,798081.44
EAST,2026-07-15,8853.77,806935.21
EAST,2026-07-16,1077.61,808012.82
EAST,2026-07-17,3122.98,811135.8
EAST,2026-07-18,1215.51,812351.31
EAST,2026-07-19,28.21,812379.52
EAST,2026-07-21,-1350.93,811028.59
EAST,2026-07-22,5392.56,816421.15
EAST,2026-07-23,2148.12,818569.27
EAST,2026-07-24,2413.72,820982.99
EAST,2026-07-27,1500.31,822483.3
EAST,2026-07-28,4078.14,826561.44
EAST,2026-07-29,1259.55,827820.99
EAST,2026-07-30,1247.44,829068.43
EAST,2026-07-31,1643.57,830712.0
EAST,2026-08-01,135.13,830847.13
NORTH,2024-09-01,1320.8,1320.8
NORTH,2024-09-05,71.58,1392.38
NORTH,2024-09-18,56.33,1448.71
NORTH,2024-09-22,1137.19,2585.9
NORTH,2024-09-23,298.22,2884.12
NORTH,2024-09-25,851.18,3735.3
NORTH,2024-10-01,1079.06,4814.36
NORTH,2024-10-04,122.88,4937.24
NORTH,2024-10-06,341.4,5278.64
NORTH,2024-10-07,2119.86,7398.5
NORTH,2024-10-09,1147.15,8545.65
NORTH,2024-10-10,1228.48,9774.13
NORTH,2024-10-12,1323.46,11097.59
NORTH,2024-10-16,124.72,11222.31
NORTH,2024-10-17,5867.28,17089.59
NORTH,2024-10-21,897.55,17987.14
NORTH,2024-11-02,1649.45,19636.59
NORTH,2024-11-03,3697.78,23334.37
NORTH,2024-11-06,-2810.52,20523.85
NORTH,2024-11-10,639.65,21163.5
NORTH,2024-11-19,739.79,21903.29
NORTH,2024-11-22,2346.5,24249.79
NORTH,2024-11-26,120.73,24370.52
NORTH,2024-11-27,1041.91,25412.43
NORTH,2024-11-29,2121.97,27534.4
NORTH,2024-12-03,-66.49,27467.91
NORTH,2024-12-06,452.32,27920.23
NORTH,2024-12-08,84.4,28004.63
NORTH,2024-12-14,1349.68,29354.31
NORTH,2024-12-16,531.9,29886.21
NORTH,2024-12-18,-185.56,29700.65
NORTH,2024-12-19,460.47,30161.12
NORTH,2024-12-20,541.05,30702.17
NORTH,2024-12-21,1194.68,31896.85
NORTH,2024-12-24,1617.1,33513.95
NORTH,2024-12-26,1590.3,35104.25
NORTH,2024-12-31,-1166.85,33937.4
NORTH,2025-01-01,842.59,34779.99
NORTH,2025-01-06,49.78,34829.77
NORTH,2025-01-07,298.86,35128.63
NORTH,2025-01-08,675.07,35803.7
NORTH,2025-01-12,392.6,36196.3
NORTH,2025-01-13,1126.04,37322.34
NORTH,2025-01-14,2450.01,39772.35
NORTH,2025-01-15,1362.96,41135.31
NORTH,2025-01-21,2303.5,43438.81
NORTH,2025-01-27,354.39,43793.2
NORTH,2025-01-28,48.21,43841.41
NORTH,2025-02-03,618.74,44460.15
NORTH,2025-02-08,204.22,44664.37
NORTH,2025-02-09,1222.76,45887.13
NORTH,2025-02-14,104.38,45991.51
NORTH,2025-02-20,1493.5,47485.01
NORTH,2025-02-22,199.39,47684.4
NORTH,2025-02-23,552.51,48236.91
NORTH,2025-02-24,997.87,49234.78
NORTH,2025-02-25,69.95,49304.73
NORTH,2025-02-27,5754.52,55059.25
NORTH,2025-02-28,1569.84,56629.09
NORTH,2025-03-01,2179.39,58808.48
NORTH,2025-03-06,-144.09,58664.39
NORTH,2025-03-08,652.05,59316.44
NORTH,2025-03-12,544.04,59860.48
NORTH,2025-03-14,112.43,59972.91
NORTH,2025-03-15,19.5,59992.41
NORTH,2025-03-16,1142.34,61134.75
NORTH,2025-03-21,144.09,61278.84
NORTH,2025-03-23,1189.17,62468.01
NORTH,2025-03-25,44.83,62512.84
NORTH,2025-03-26,394.36,62907.2
NORTH,2025-03-27,1975.57,64882.77
NORTH,2025-03-28,13.86,64896.63
NORTH,2025-03-29,19.71,64916.34
NORTH,2025-03-31,1451.87,66368.21
NORTH,2025-04-02,7453.08,73821.29
NORTH,2025-04-06,211.36,74032.65
NORTH,2025-04-07,-907.41,73125.24
NORTH,2025-04-08,289.96,73415.2
NORTH,2025-04-13,1184.52,74599.72
NORTH,2025-04-14,224.26,74823.98
NORTH,2025-04-15,1421.9,76245.88
NORTH,2025-04-17,1302.54,77548.42
NORTH,2025-04-23,4324.65,81873.07
NORTH,2025-04-24,91.0,81964.07
NORTH,2025-04-25,2318.04,84282.11
NORTH,2025-04-28,1208.26,85490.37
NORTH,2025-04-29,121.95,85612.32
NORTH,2025-05-01,46.72,85659.04
NORTH,2025-05-02,695.74,86354.78
NORTH,2025-05-03,3631.1,89985.88
NORTH,2025-05-05,6393.58,96379.46
NORTH,2025-05-06,1810.24,98189.7
NORTH,2025-05-07,1566.06,99755.76
NORTH,2025-05-08,2933.87,102689.63
NORTH,2025-05-11,1078.25,103767.88
NORTH,2025-05-14,1419.28,105187.16
NORTH,2025-05-15,3451.14,108638.3
NORTH,2025-05-17,944.65,109582.95
NORTH,2025-05-21,1244.33,110827.28
NORTH,2025-05-23,2737.95,113565.23
NORTH,2025-05-26,562.67,114127.9
NORTH,2025-05-28,860.14,114988.04
NORTH,2025-05-30,1150.34,116138.38
NORTH,2025-06-01,199.73,116338.11
NORTH,2025-06-02,5309.11,121647.22
NORTH,2025-06-04,103.51,121750.73
NORTH,2025-06-08,473.93,122224.66
NORTH,2025-06-09,1838.44,124063.1
NORTH,2025-06-18,10.98,124074.08
NORTH,2025-06-19,133.32,124207.4
NORTH,2025-06-20,1474.53,125681.93
NORTH,2025-06-21,121.94,125803.87
NORTH,2025-06-23,2882.48,128686.35
NORTH,2025-06-25,1731.1,130417.45
NORTH,2025-06-29,1786.18,132203.63
NORTH,2025-06-30,1770.52,133974.15
NORTH,2025-07-01,-145.65,133828.5
NORTH,2025-07-02,2339.46,136167.96
NORTH,2025-07-03,435.5,136603.46
NORTH,2025-07-06,235.99,136839.45
NORTH,2025-07-08,929.4,137768.85
NORTH,2025-07-09,201.57,137970.42
NORTH,2025-07-10,1782.87,139753.29
NORTH,2025-07-11,1828.85,141582.14
NORTH,2025-07-13,2944.89,144527.03
NORTH,2025-07-14,1237.93,145764.96
NORTH,2025-07-17,1193.89,146958.85
NORTH,2025-07-18,1730.36,148689.21
NORTH,2025-07-22,503.82,149193.03
NORTH,2025-07-24,414.48,149607.51
NORTH,2025-07-27,1064.15,150671.66
NORTH,2025-07-28,3266.62,153938.28
NORTH,2025-07-29,292.74,154231.02
NORTH,2025-07-30,244.21,154475.23
NORTH,2025-07-31,1182.59,155657.82
NORTH,2025-08-01,5306.57,160964.39
NORTH,2025-08-03,5432.81,166397.2
NORTH,2025-08-04,873.49,167270.69
NORTH,2025-08-06,224.02,167494.71
NORTH,2025-08-07,295.34,167790.05
NORTH,2025-08-08,343.96,168134.01
NORTH,2025-08-09,333.61,168467.62
NORTH,2025-08-10,1667.87,170135.49
NORTH,2025-08-12,418.18,170553.67
NORTH,2025-08-13,-2415.67,168138.0
NORTH,2025-08-17,76.14,168214.14
NORTH,2025-08-18,93.43,168307.57
NORTH,2025-08-19,2712.39,171019.96
NORTH,2025-08-21,3090.55,174110.51
NORTH,2025-08-22,476.79,174587.3
NORTH,2025-08-23,1983.04,176570.34
NORTH,2025-08-24,44.53,176614.87
NORTH,2025-08-26,1605.54,178220.41
NORTH,2025-08-27,64.58,178284.99
NORTH,2025-09-01,3847.02,182132.01
NORTH,2025-09-02,6233.82,188365.83
NORTH,2025-09-04,21.35,188387.18
NORTH,2025-09-05,1652.5,190039.68
NORTH,2025-09-06,6726.14,196765.82
NORTH,2025-09-07,265.39,197031.21
NORTH,2025-09-08,1546.11,198577.32
NORTH,2025-09-09,-479.33,198097.99
NORTH,2025-09-11,1822.5,199920.49
NORTH,2025-09-12,2536.6,202457.09
NORTH,2025-09-13,456.94,202914.03
NORTH,2025-09-14,1052.09,203966.12
NORTH,2025-09-15,7160.05,211126.17
NORTH,2025-09-16,419.15,211545.32
NORTH,2025-09-18,1091.34,212636.66
NORTH,2025-09-19,-1072.2,211564.46
NORTH,2025-09-20,4990.39,216554.85
NORTH,2025-09-21,1327.32,217882.17
NORTH,2025-09-23,259.52,218141.69
NORTH,2025-09-24,1396.57,219538.26
NORTH,2025-09-26,4501.61,224039.87
NORTH,2025-09-27,254.26,224294.13
NORTH,2025-10-02,1646.37,225940.5
NORTH,2025-10-04,329.26,226269.76
NORTH,2025-10-05,120.87,226390.63
NORTH,2025-10-07,1648.61,228039.24
NORTH,2025-10-09,123.38,228162.62
NORTH,2025-10-10,1926.75,230089.37
NORTH,2025-10-14,1301.54,231390.91
NORTH,2025-10-15,4967.67,236358.58
NORTH,2025-10-17,806.38,237164.96
NORTH,2025-10-18,123.89,237288.85
NORTH,2025-10-19,6011.51,243300.36
NORTH,2025-10-21,559.49,243859.85
NORTH,2025-10-22,1347.68,245207.53
NORTH,2025-10-23,-113.49,245094.04
NORTH,2025-10-25,3982.03,249076.07
NORTH,2025-10-26,41.86,249117.93
NORTH,2025-10-27,709.12,249827.05
NORTH,2025-10-28,1039.62,250866.67
NORTH,2025-10-29,165.51,251032.18
NORTH,2025-10-30,1118.37,252150.55
NORTH,2025-10-31,6945.02,259095.57
NORTH,2025-11-01,3867.49,262963.06
NORTH,2025-11-03,84.13,263047.19
NORTH,2025-11-04,4760.04,267807.23
NORTH,2025-11-05,672.05,268479.28
NORTH,2025-11-07,932.91,269412.19
NORTH,2025-11-08,892.49,270304.68
NORTH,2025-11-09,117.21,270421.89
NORTH,2025-11-10,4658.33,275080.22
NORTH,2025-11-11,3905.74,278985.96
NORTH,2025-11-12,6877.79,285863.75
NORTH,2025-11-14,844.22,286707.97
NORTH,2025-11-15,3767.76,290475.73
NORTH,2025-11-18,10.22,290485.95
NORTH,2025-11-19,3856.53,294342.48
NORTH,2025-11-20,5140.55,299483.03
NORTH,2025-11-22,3205.82,302688.85
NORTH,2025-11-23,2026.57,304715.42
NORTH,2025-11-24,6964.69,311680.11
NORTH,2025-11-26,883.75,312563.86
NORTH,2025-11-27,3108.76,315672.62
NORTH,2025-11-28,2143.05,317815.67
NORTH,2025-11-30,111.53,317927.2
NORTH,2025-12-01,146.23,318073.43
NORTH,2025-12-02,1141.88,319215.31
NORTH,2025-12-03,1174.77,320390.08
NORTH,2025-12-04,5050.0,325440.08
NORTH,2025-12-05,1205.43,326645.51
NORTH,2025-12-07,517.9,327163.41
NORTH,2025-12-08,2699.61,329863.02
NORTH,2025-12-11,1328.39,331191.41
NORTH,2025-12-13,507.97,331699.38
NORTH,2025-12-14,1374.8,333074.18
NORTH,2025-12-15,252.57,333326.75
NORTH,2025-12-16,4665.39,337992.14
NORTH,2025-12-17,1641.13,339633.27
NORTH,2025-12-18,2685.14,342318.41
NORTH,2025-12-19,1238.89,343557.3
NORTH,2025-12-21,3110.57,346667.87
NORTH,2025-12-22,2247.13,348915.0
NORTH,2025-12-23,7444.77,356359.77
NORTH,2025-12-24,3346.81,359706.58
NORTH,2025-12-25,1198.29,360904.87
NORTH,2025-12-26,3228.4,364133.27
NORTH,2025-12-27,206.15,364339.42
NORTH,2025-12-28,4125.28,368464.7
NORTH,2025-12-30,5473.03,373937.73
NORTH,2026-01-01,-1383.99,372553.74
NORTH,2026-01-02,1386.36,373940.1
NORTH,2026-01-04,9385.07,383325.17
NORTH,2026-01-05,6966.17,390291.34
NORTH,2026-01-07,164.4,390455.74
NORTH,2026-01-08,1101.75,391557.49
NORTH,2026-01-10,3238.06,394795.55
NORTH,2026-01-11,1056.4,395851.95
NORTH,2026-01-12,3748.65,399600.6
NORTH,2026-01-13,2604.79,402205.39
NORTH,2026-01-14,97.08,402302.47
NORTH,2026-01-15,-36.05,402266.42
NORTH,2026-01-16,3601.89,405868.31
NORTH,2026-01-17,464.84,406333.15
NORTH,2026-01-18,2773.41,409106.56
NORTH,2026-01-19,3026.74,412133.3
NORTH,2026-01-20,3228.1,415361.4
NORTH,2026-01-21,1934.28,417295.68
NORTH,2026-01-22,3896.01,421191.69
NORTH,2026-01-23,1683.12,422874.81
NORTH,2026-01-24,2632.64,425507.45
NORTH,2026-01-25,177.04,425684.49
NORTH,2026-01-26,3608.83,429293.32
NORTH,2026-01-27,2858.05,432151.37
NORTH,2026-01-29,3044.35,435195.72
NORTH,2026-01-30,897.42,436093.14
NORTH,2026-01-31,-768.67,435324.47
NORTH,2026-02-01,6244.18,441568.65
NORTH,2026-02-03,1391.91,442960.56
NORTH,2026-02-04,526.73,443487.29
NORTH,2026-02-05,3250.0,446737.29
NORTH,2026-02-06,603.46,447340.75
NORTH,2026-02-07,2963.16,450303.91
NORTH,2026-02-08,2013.05,452316.96
NORTH,2026-02-09,2020.07,454337.03
NORTH,2026-02-11,90.32,454427.35
NORTH,2026-02-12,992.9,455420.25
NORTH,2026-02-13,3548.05,458968.3
NORTH,2026-02-14,2837.36,461805.66
NORTH,2026-02-15,3128.75,464934.41
NORTH,2026-02-16,258.67,465193.08
NORTH,2026-02-17,1085.41,466278.49
NORTH,2026-02-18,6124.03,472402.52
NORTH,2026-02-19,2407.67,474810.19
NORTH,2026-02-20,498.67,475308.86
NORTH,2026-02-22,885.67,476194.53
NORTH,2026-02-23,1317.27,477511.8
NORTH,2026-02-24,5353.53,482865.33
NORTH,2026-02-26,474.18,483339.51
NORTH,2026-02-27,1260.55,484600.06
NORTH,2026-02-28,2911.2,487511.26
NORTH,2026-03-01,268.03,487779.29
NORTH,2026-03-02,1789.42,489568.71
NORTH,2026-03-03,681.87,490250.58
NORTH,2026-03-04,4160.86,494411.44
NORTH,2026-03-05,3321.26,497732.7
NORTH,2026-03-06,2523.85,500256.55
NORTH,2026-03-07,-1422.76,498833.79
NORTH,2026-03-09,1288.04,500121.83
NORTH,2026-03-10,4159.31,504281.14
NORTH,2026-03-11,11.08,504292.22
NORTH,2026-03-12,1958.86,506251.08
NORTH,2026-03-13,1063.78,507314.86
NORTH,2026-03-14,2409.82,509724.68
NORTH,2026-03-15,321.34,510046.02
NORTH,2026-03-16,16372.95,526418.97
NORTH,2026-03-18,2073.12,528492.09
NORTH,2026-03-19,9845.83,538337.92
NORTH,2026-03-20,1301.89,539639.81
NORTH,2026-03-21,2827.46,542467.27
NORTH,2026-03-22,5597.96,548065.23
NORTH,2026-03-23,3015.26,551080.49
NORTH,2026-03-24,156.86,551237.35
NORTH,2026-03-25,860.71,552098.06
NORTH,2026-03-26,5038.87,557136.93
NORTH,2026-03-27,1464.84,558601.77
NORTH,2026-03-28,57.82,558659.59
NORTH,2026-03-29,1530.03,560189.62
NORTH,2026-03-30,3821.84,564011.46
NORTH,2026-03-31,1882.29,565893.75
NORTH,2026-04-01,5917.5,571811.25
NORTH,2026-04-02,1389.93,573201.18
NORTH,2026-04-03,-6.37,573194.81
NORTH,2026-04-04,1480.02,574674.83
NORTH,2026-04-05,2584.67,577259.5
NORTH,2026-04-06,1500.52,578760.02
NORTH,2026-04-07,1290.05,580050.07
NORTH,2026-04-08,2632.39,582682.46
NORTH,2026-04-09,5638.21,588320.67
NORTH,2026-04-10,3534.79,591855.46
NORTH,2026-04-11,1607.03,593462.49
NORTH,2026-04-12,1706.41,595168.9
NORTH,2026-04-13,1184.24,596353.14
NORTH,2026-04-14,2308.18,598661.32
NORTH,2026-04-15,2157.51,600818.83
NORTH,2026-04-16,3859.81,604678.64
NORTH,2026-04-17,-439.08,604239.56
NORTH,2026-04-18,2635.13,606874.69
NORTH,2026-04-19,3706.15,610580.84
NORTH,2026-04-20,-4448.86,606131.98
NORTH,2026-04-21,10598.16,616730.14
NORTH,2026-04-22,2183.0,618913.14
NORTH,2026-04-23,559.62,619472.76
NORTH,2026-04-24,1014.51,620487.27
NORTH,2026-04-25,564.78,621052.05
NORTH,2026-04-26,4428.31,625480.36
NORTH,2026-04-27,2497.77,627978.13
NORTH,2026-04-28,60.76,628038.89
NORTH,2026-04-29,3231.76,631270.65
NORTH,2026-04-30,2851.07,634121.72
NORTH,2026-05-01,2694.0,636815.72
NORTH,2026-05-02,1379.27,638194.99
NORTH,2026-05-03,6115.75,644310.74
NORTH,2026-05-04,-2573.64,641737.1
NORTH,2026-05-05,3330.4,645067.5
NORTH,2026-05-06,2766.03,647833.53
NORTH,2026-05-07,9072.35,656905.88
NORTH,2026-05-08,2944.25,659850.13
NORTH,2026-05-09,1750.23,661600.36
NORTH,2026-05-10,3592.84,665193.2
NORTH,2026-05-11,3622.35,668815.55
NORTH,2026-05-12,6412.94,675228.49
NORTH,2026-05-13,2301.36,677529.85
NORTH,2026-05-14,1487.4,679017.25
NORTH,2026-05-15,-98.62,678918.63
NORTH,2026-05-16,-2573.22,676345.41
NORTH,2026-05-17,6119.26,682464.67
NORTH,2026-05-18,715.06,683179.73
NORTH,2026-05-19,369.93,683549.66
NORTH,2026-05-20,1449.1,684998.76
NORTH,2026-05-22,3950.63,688949.39
NORTH,2026-05-23,811.99,689761.38
NORTH,2026-05-24,3767.25,693528.63
NORTH,2026-05-25,6083.67,699612.3
NORTH,2026-05-27,5138.49,704750.79
NORTH,2026-05-28,3783.24,708534.03
NORTH,2026-05-29,3581.94,712115.97
NORTH,2026-05-30,1541.54,713657.51
NORTH,2026-05-31,2691.5,716349.01
NORTH,2026-06-01,4503.35,720852.36
NORTH,2026-06-02,812.89,721665.25
NORTH,2026-06-03,2562.47,724227.72
NORTH,2026-06-04,-11.13,724216.59
NORTH,2026-06-05,403.8,724620.39
NORTH,2026-06-06,4285.0,728905.39
NORTH,2026-06-07,849.63,729755.02
NORTH,2026-06-08,550.57,730305.59
NORTH,2026-06-09,2762.59,733068.18
NORTH,2026-06-10,4581.28,737649.46
NORTH,2026-06-11,727.74,738377.2
NORTH,2026-06-12,424.71,738801.91
NORTH,2026-06-13,10243.37,749045.28
NORTH,2026-06-14,1703.48,750748.76
NORTH,2026-06-15,548.34,751297.1
NORTH,2026-06-16,6248.89,757545.99
NORTH,2026-06-17,7664.3,765210.29
NORTH,2026-06-18,1529.51,766739.8
NORTH,2026-06-19,756.19,767495.99
NORTH,2026-06-20,317.23,767813.22
NORTH,2026-06-22,8782.61,776595.83
NORTH,2026-06-23,3946.81,780542.64
NORTH,2026-06-24,5232.18,785774.82
NORTH,2026-06-25,4257.28,790032.1
NORTH,2026-06-26,833.36,790865.46
NORTH,2026-06-27,1924.25,792789.71
NORTH,2026-06-28,7428.07,800217.78
NORTH,2026-06-29,2863.01,803080.79
NORTH,2026-06-30,4457.33,807538.12
NORTH,2026-07-01,986.01,808524.13
NORTH,2026-07-02,6193.53,814717.66
NORTH,2026-07-03,2736.06,817453.72
NORTH,2026-07-04,5776.17,823229.89
NORTH,2026-07-05,3927.99,827157.88
NORTH,2026-07-06,-978.0,826179.88
NORTH,2026-07-07,272.91,826452.79
NORTH,2026-07-08,2832.79,829285.58
NORTH,2026-07-09,5755.98,835041.56
NORTH,2026-07-10,432.54,835474.1
NORTH,2026-07-11,10153.0,845627.1
NORTH,2026-07-12,817.82,846444.92
NORTH,2026-07-13,871.59,847316.51
NORTH,2026-07-14,111.83,847428.34
NORTH,2026-07-15,4468.89,851897.23
NORTH,2026-07-16,4878.81,856776.04
NORTH,2026-07-17,5411.27,862187.31
NORTH,2026-07-18,68.6,862255.91
NORTH,2026-07-19,3473.02,865728.93
NORTH,2026-07-20,5379.55,871108.48
NORTH,2026-07-21,7913.95,879022.43
NORTH,2026-07-22,2749.21,881771.64
NORTH,2026-07-23,4659.07,886430.71
NORTH,2026-07-24,7360.03,893790.74
NORTH,2026-07-25,1175.39,894966.13
NORTH,2026-07-26,3957.19,898923.32
NORTH,2026-07-27,398.64,899321.96
NORTH,2026-07-28,670.97,899992.93
NORTH,2026-07-29,369.13,900362.06
NORTH,2026-07-30,1435.1,901797.16
NORTH,2026-07-31,132.39,901929.55
NORTH,2026-08-01,21947.25,923876.8
SOUTH,2024-09-09,5324.55,5324.55
SOUTH,2024-10-03,1456.06,6780.61
SOUTH,2024-10-06,692.93,7473.54
SOUTH,2024-10-18,811.89,8285.43
SOUTH,2024-10-19,-2642.09,5643.34
SOUTH,2024-10-27,730.78,6374.12
SOUTH,2024-10-28,1452.42,7826.54
SOUTH,2024-10-29,294.31,8120.85
SOUTH,2024-11-02,282.01,8402.86
SOUTH,2024-11-06,242.06,8644.92
SOUTH,2024-11-07,1033.59,9678.51
SOUTH,2024-11-09,172.21,9850.72
SOUTH,2024-11-12,763.5,10614.22
SOUTH,2024-11-14,112.23,10726.45
SOUTH,2024-11-20,870.17,11596.62
SOUTH,2024-12-03,106.66,11703.28
SOUTH,2024-12-11,2593.81,14297.09
SOUTH,2024-12-14,1109.41,15406.5
SOUTH,2024-12-15,363.41,15769.91
SOUTH,2024-12-18,966.4,16736.31
SOUTH,2024-12-22,914.61,17650.92
SOUTH,2024-12-26,1441.23,19092.15
SOUTH,2024-12-28,2120.67,21212.82
SOUTH,2024-12-29,380.23,21593.05
SOUTH,2025-01-01,2830.18,24423.23
SOUTH,2025-01-04,159.13,24582.36
SOUTH,2025-01-06,1481.29,26063.65
SOUTH,2025-01-13,3948.22,30011.87
SOUTH,2025-01-14,37.89,30049.76
SOUTH,2025-01-17,392.37,30442.13
SOUTH,2025-01-18,-261.04,30181.09
SOUTH,2025-01-19,751.94,30933.03
SOUTH,2025-01-23,950.45,31883.48
SOUTH,2025-01-24,543.93,32427.41
SOUTH,2025-01-26,1196.1,33623.51
SOUTH,2025-02-07,1446.24,35069.75
SOUTH,2025-02-12,1028.28,36098.03
SOUTH,2025-02-27,665.16,36763.19
SOUTH,2025-02-28,307.76,37070.95
SOUTH,2025-03-01,-1264.53,35806.42
SOUTH,2025-03-10,1753.7,37560.12
SOUTH,2025-03-12,609.24,38169.36
SOUTH,2025-03-14,421.67,38591.03
SOUTH,2025-03-15,1696.75,40287.78
SOUTH,2025-03-16,361.66,40649.44
SOUTH,2025-03-17,886.67,41536.11
SOUTH,2025-03-20,646.79,42182.9
SOUTH,2025-03-23,644.6,42827.5
SOUTH,2025-03-25,942.96,43770.46
SOUTH,2025-03-26,200.86,43971.32
SOUTH,2025-03-29,708.43,44679.75
SOUTH,2025-04-06,1084.77,45764.52
SOUTH,2025-04-09,2881.42,48645.94
SOUTH,2025-04-15,87.29,48733.23
SOUTH,2025-04-16,6734.58,55467.81
SOUTH,2025-04-22,1428.1,56895.91
SOUTH,2025-04-30,202.92,57098.83
SOUTH,2025-05-01,7161.2,64260.03
SOUTH,2025-05-02,916.57,65176.6
SOUTH,2025-05-03,3112.37,68288.97
SOUTH,2025-05-04,2624.16,70913.13
SOUTH,2025-05-05,480.58,71393.71
SOUTH,2025-05-15,2325.51,73719.22
SOUTH,2025-05-16,1745.11,75464.33
SOUTH,2025-05-18,-298.41,75165.92
SOUTH,2025-05-20,-209.38,74956.54
SOUTH,2025-05-31,920.68,75877.22
SOUTH,2025-06-01,2551.44,78428.66
SOUTH,2025-06-03,1463.43,79892.09
SOUTH,2025-06-06,4030.44,83922.53
SOUTH,2025-06-07,181.8,84104.33
SOUTH,2025-06-08,392.23,84496.56
SOUTH,2025-06-10,440.51,84937.07
SOUTH,2025-06-12,1172.69,86109.76
SOUTH,2025-06-13,2568.26,88678.02
SOUTH,2025-06-14,36.16,88714.18
SOUTH,2025-06-15,821.48,89535.66
SOUTH,2025-06-16,916.31,90451.97
SOUTH,2025-06-18,246.37,90698.34
SOUTH,2025-06-20,748.73,91447.07
SOUTH,2025-06-21,627.27,92074.34
SOUTH,2025-06-23,5348.71,97423.05
SOUTH,2025-06-29,4365.31,101788.36
SOUTH,2025-06-30,2633.69,104422.05
SOUTH,2025-07-04,5085.7,109507.75
SOUTH,2025-07-08,825.88,110333.63
SOUTH,2025-07-09,2006.17,112339.8
SOUTH,2025-07-11,155.98,112495.78
SOUTH,2025-07-12,278.51,112774.29
SOUTH,2025-07-14,844.44,113618.73
SOUTH,2025-07-15,75.92,113694.65
SOUTH,2025-07-16,26.16,113720.81
SOUTH,2025-07-17,1791.41,115512.22
SOUTH,2025-07-18,468.22,115980.44
SOUTH,2025-07-23,246.23,116226.67
SOUTH,2025-07-25,771.65,116998.32
SOUTH,2025-07-26,1500.33,118498.65
SOUTH,2025-07-28,2729.17,121227.82
SOUTH,2025-07-29,138.58,121366.4
SOUTH,2025-07-31,168.43,121534.83
SOUTH,2025-08-01,47.69,121582.52
SOUTH,2025-08-02,990.45,122572.97
SOUTH,2025-08-05,333.86,122906.83
SOUTH,2025-08-06,2684.73,125591.56
SOUTH,2025-08-13,158.61,125750.17
SOUTH,2025-08-16,2987.42,128737.59
SOUTH,2025-08-17,20.5,128758.09
SOUTH,2025-08-19,6323.13,135081.22
SOUTH,2025-08-20,-139.16,134942.06
SOUTH,2025-08-22,49.8,134991.86
SOUTH,2025-08-24,291.94,135283.8
SOUTH,2025-08-26,5020.39,140304.19
SOUTH,2025-08-28,2051.37,142355.56
SOUTH,2025-08-29,47.8,142403.36
SOUTH,2025-08-30,75.94,142479.3
SOUTH,2025-08-31,1887.59,144366.89
SOUTH,2025-09-02,1741.4,146108.29
SOUTH,2025-09-03,1879.51,147987.8
SOUTH,2025-09-05,253.84,148241.64
SOUTH,2025-09-07,1730.63,149972.27
SOUTH,2025-09-08,1131.38,151103.65
SOUTH,2025-09-09,2096.0,153199.65
SOUTH,2025-09-10,205.75,153405.4
SOUTH,2025-09-12,1834.3,155239.7
SOUTH,2025-09-13,2725.76,157965.46
SOUTH,2025-09-14,442.05,158407.51
SOUTH,2025-09-15,419.38,158826.89
SOUTH,2025-09-17,2360.51,161187.4
SOUTH,2025-09-18,336.36,161523.76
SOUTH,2025-09-21,1265.74,162789.5
SOUTH,2025-09-22,111.36,162900.86
SOUTH,2025-09-23,250.54,163151.4
SOUTH,2025-09-25,588.13,163739.53
SOUTH,2025-09-26,4281.84,168021.37
SOUTH,2025-09-29,66.0,168087.37
SOUTH,2025-09-30,253.05,168340.42
SOUTH,2025-10-01,1182.07,169522.49
SOUTH,2025-10-03,1368.22,170890.71
SOUTH,2025-10-04,6585.99,177476.7
SOUTH,2025-10-05,1130.97,178607.67
SOUTH,2025-10-07,4825.46,183433.13
SOUTH,2025-10-08,600.03,184033.16
SOUTH,2025-10-10,163.96,184197.12
SOUTH,2025-10-13,3341.14,187538.26
SOUTH,2025-10-15,3810.29,191348.55
SOUTH,2025-10-16,3308.37,194656.92
SOUTH,2025-10-17,645.14,195302.06
SOUTH,2025-10-19,1417.03,196719.09
SOUTH,2025-10-20,143.1,196862.19
SOUTH,2025-10-24,2575.41,199437.6
SOUTH,2025-10-25,4192.87,203630.47
SOUTH,2025-10-26,3485.83,207116.3
SOUTH,2025-10-28,2090.11,209206.41
SOUTH,2025-10-30,-76.24,209130.17
SOUTH,2025-10-31,2754.56,211884.73
SOUTH,2025-11-03,17.03,211901.76
SOUTH,2025-11-05,641.13,212542.89
SOUTH,2025-11-06,3149.45,215692.34
SOUTH,2025-11-08,6543.83,222236.17
SOUTH,2025-11-09,762.71,222998.88
SOUTH,2025-11-10,4552.21,227551.09
SOUTH,2025-11-13,1720.48,229271.57
SOUTH,2025-11-14,96.33,229367.9
SOUTH,2025-11-15,1246.99,230614.89
SOUTH,2025-11-16,2269.26,232884.15
SOUTH,2025-11-17,761.6,233645.75
SOUTH,2025-11-19,227.19,233872.94
SOUTH,2025-11-20,2312.82,236185.76
SOUTH,2025-11-21,64.12,236249.88
SOUTH,2025-11-22,190.35,236440.23
SOUTH,2025-11-23,5144.72,241584.95
SOUTH,2025-11-24,5337.51,246922.46
SOUTH,2025-11-25,3183.28,250105.74
SOUTH,2025-11-26,3629.5,253735.24
SOUTH,2025-11-27,90.73,253825.97
SOUTH,2025-11-28,736.05,254562.02
SOUTH,2025-11-30,238.92,254800.94
SOUTH,2025-12-01,4319.91,259120.85
SOUTH,2025-12-02,1762.21,260883.06
SOUTH,2025-12-04,379.76,261262.82
SOUTH,2025-12-05,2521.81,263784.63
SOUTH,2025-12-06,5596.0,269380.63
SOUTH,2025-12-07,2612.96,271993.59
SOUTH,2025-12-08,2511.98,274505.57
SOUTH,2025-12-09,237.76,274743.33
SOUTH,2025-12-10,2462.82,277206.15
SOUTH,2025-12-12,4684.24,281890.39
SOUTH,2025-12-13,-417.64,281472.75
SOUTH,2025-12-14,3249.13,284721.88
SOUTH,2025-12-15,421.33,285143.21
SOUTH,2025-12-16,705.73,285848.94
SOUTH,2025-12-17,511.96,286360.9
SOUTH,2025-12-19,279.12,286640.02
SOUTH,2025-12-21,2664.18,289304.2
SOUTH,2025-12-22,2087.7,291391.9
SOUTH,2025-12-26,2240.67,293632.57
SOUTH,2025-12-27,1658.74,295291.31
SOUTH,2025-12-28,2974.44,298265.75
SOUTH,2025-12-29,744.83,299010.58
SOUTH,2025-12-30,-126.04,298884.54
SOUTH,2025-12-31,3418.85,302303.39
SOUTH,2026-01-01,4312.23,306615.62
SOUTH,2026-01-02,1333.2,307948.82
SOUTH,2026-01-03,1937.08,309885.9
SOUTH,2026-01-05,1860.51,311746.41
SOUTH,2026-01-07,-2656.71,309089.7
SOUTH,2026-01-08,936.98,310026.68
SOUTH,2026-01-09,10944.67,320971.35
SOUTH,2026-01-10,2885.9,323857.25
SOUTH,2026-01-11,2635.72,326492.97
SOUTH,2026-01-12,3401.56,329894.53
SOUTH,2026-01-13,1630.79,331525.32
SOUTH,2026-01-14,40.26,331565.58
SOUTH,2026-01-15,5353.14,336918.72
SOUTH,2026-01-16,2720.25,339638.97
SOUTH,2026-01-17,5520.48,345159.45
SOUTH,2026-01-18,1613.69,346773.14
SOUTH,2026-01-19,461.78,347234.92
SOUTH,2026-01-20,977.05,348211.97
SOUTH,2026-01-21,6763.31,354975.28
SOUTH,2026-01-22,242.81,355218.09
SOUTH,2026-01-24,478.33,355696.42
SOUTH,2026-01-25,4276.13,359972.55
SOUTH,2026-01-26,115.94,360088.49
SOUTH,2026-01-27,18.22,360106.71
SOUTH,2026-01-30,1320.41,361427.12
SOUTH,2026-01-31,2950.58,364377.7
SOUTH,2026-02-01,4189.14,368566.84
SOUTH,2026-02-02,184.84,368751.68
SOUTH,2026-02-03,2078.34,370830.02
SOUTH,2026-02-04,274.25,371104.27
SOUTH,2026-02-05,86.94,371191.21
SOUTH,2026-02-07,459.58,371650.79
SOUTH,2026-02-08,93.79,371744.58
SOUTH,2026-02-09,599.58,372344.16
SOUTH,2026-02-10,7502.35,379846.51
SOUTH,2026-02-11,3795.29,383641.8
SOUTH,2026-02-12,3444.64,387086.44
SOUTH,2026-02-14,1963.37,389049.81
SOUTH,2026-02-15,429.21,389479.02
SOUTH,2026-02-17,40.31,389519.33
SOUTH,2026-02-18,443.32,389962.65
SOUTH,2026-02-19,5261.22,395223.87
SOUTH,2026-02-20,1536.55,396760.42
SOUTH,2026-02-21,6751.55,403511.97
SOUTH,2026-02-22,4350.04,407862.01
SOUTH,2026-02-23,1495.14,409357.15
SOUTH,2026-02-24,-211.42,409145.73
SOUTH,2026-02-25,3638.27,412784.0
SOUTH,2026-02-26,1610.21,414394.21
SOUTH,2026-02-27,2778.88,417173.09
SOUTH,2026-02-28,548.61,417721.7
SOUTH,2026-03-01,756.01,418477.71
SOUTH,2026-03-02,1488.93,419966.64
SOUTH,2026-03-03,1032.6,420999.24
SOUTH,2026-03-04,1170.24,422169.48
SOUTH,2026-03-05,6936.28,429105.76
SOUTH,2026-03-06,334.31,429440.07
SOUTH,2026-03-07,1016.76,430456.83
SOUTH,2026-03-08,4.42,430461.25
SOUTH,2026-03-09,469.05,430930.3
SOUTH,2026-03-10,-380.83,430549.47
SOUTH,2026-03-11,3699.9,434249.37
SOUTH,2026-03-12,4003.06,438252.43
SOUTH,2026-03-13,3515.9,441768.33
SOUTH,2026-03-14,3615.16,445383.49
SOUTH,2026-03-15,820.8,446204.29
SOUTH,2026-03-16,1744.98,447949.27
SOUTH,2026-03-17,1372.78,449322.05
SOUTH,2026-03-18,66.39,449388.44
SOUTH,2026-03-19,3413.03,452801.47
SOUTH,2026-03-20,343.58,453145.05
SOUTH,2026-03-21,-205.53,452939.52
SOUTH,2026-03-22,2649.48,455589.0
SOUTH,2026-03-23,158.12,455747.12
SOUTH,2026-03-24,7003.24,462750.36
SOUTH,2026-03-25,666.1,463416.46
SOUTH,2026-03-26,1928.9,465345.36
SOUTH,2026-03-27,6422.49,471767.85
SOUTH,2026-03-28,918.56,472686.41
SOUTH,2026-03-29,1862.38,474548.79
SOUTH,2026-03-30,12880.24,487429.03
SOUTH,2026-03-31,430.17,487859.2
SOUTH,2026-04-01,-1512.7,486346.5
SOUTH,2026-04-02,133.18,486479.68
SOUTH,2026-04-03,4592.29,491071.97
SOUTH,2026-04-04,650.73,491722.7
SOUTH,2026-04-05,2924.43,494647.13
SOUTH,2026-04-06,5416.78,500063.91
SOUTH,2026-04-07,7881.94,507945.85
SOUTH,2026-04-08,5355.56,513301.41
SOUTH,2026-04-09,446.52,513747.93
SOUTH,2026-04-10,6693.16,520441.09
SOUTH,2026-04-11,-1446.49,518994.6
SOUTH,2026-04-13,76.9,519071.5
SOUTH,2026-04-14,311.9,519383.4
SOUTH,2026-04-15,5318.53,524701.93
SOUTH,2026-04-16,5772.22,530474.15
SOUTH,2026-04-17,2330.53,532804.68
SOUTH,2026-04-18,3708.29,536512.97
SOUTH,2026-04-19,143.36,536656.33
SOUTH,2026-04-20,4295.8,540952.13
SOUTH,2026-04-21,1787.09,542739.22
SOUTH,2026-04-22,486.06,543225.28
SOUTH,2026-04-23,158.4,543383.68
SOUTH,2026-04-24,2628.37,546012.05
SOUTH,2026-04-25,1791.58,547803.63
SOUTH,2026-04-26,6130.25,553933.88
SOUTH,2026-04-27,2772.35,556706.23
SOUTH,2026-04-28,6139.59,562845.82
SOUTH,2026-04-29,1411.04,564256.86
SOUTH,2026-04-30,2970.33,567227.19
SOUTH,2026-05-01,3287.82,570515.01
SOUTH,2026-05-02,276.8,570791.81
SOUTH,2026-05-03,2582.41,573374.22
SOUTH,2026-05-04,484.29,573858.51
SOUTH,2026-05-05,563.47,574421.98
SOUTH,2026-05-06,9875.34,584297.32
SOUTH,2026-05-08,10626.14,594923.46
SOUTH,2026-05-09,3381.71,598305.17
SOUTH,2026-05-10,913.94,599219.11
SOUTH,2026-05-11,1147.96,600367.07
SOUTH,2026-05-12,3216.15,603583.22
SOUTH,2026-05-13,2989.85,606573.07
SOUTH,2026-05-14,6622.44,613195.51
SOUTH,2026-05-15,169.47,613364.98
SOUTH,2026-05-16,6091.9,619456.88
SOUTH,2026-05-17,2120.7,621577.58
SOUTH,2026-05-18,1063.48,622641.06
SOUTH,2026-05-19,-120.46,622520.6
SOUTH,2026-05-20,3569.49,626090.09
SOUTH,2026-05-21,324.53,626414.62
SOUTH,2026-05-22,8969.29,635383.91
SOUTH,2026-05-23,3606.04,638989.95
SOUTH,2026-05-24,2684.39,641674.34
SOUTH,2026-05-25,2071.38,643745.72
SOUTH,2026-05-26,2811.57,646557.29
SOUTH,2026-05-27,1573.01,648130.3
SOUTH,2026-05-28,2779.55,650909.85
SOUTH,2026-05-29,3866.84,654776.69
SOUTH,2026-05-30,756.93,655533.62
SOUTH,2026-05-31,3294.56,658828.18
SOUTH,2026-06-01,7777.92,666606.1
SOUTH,2026-06-02,605.23,667211.33
SOUTH,2026-06-03,3725.19,670936.52
SOUTH,2026-06-04,10387.8,681324.32
SOUTH,2026-06-05,9128.02,690452.34
SOUTH,2026-06-06,44.93,690497.27
SOUTH,2026-06-07,10822.74,701320.01
SOUTH,2026-06-08,3712.36,705032.37
SOUTH,2026-06-10,3161.64,708194.01
SOUTH,2026-06-11,1287.5,709481.51
SOUTH,2026-06-12,4779.8,714261.31
SOUTH,2026-06-13,257.95,714519.26
SOUTH,2026-06-14,16.14,714535.4
SOUTH,2026-06-15,-819.85,713715.55
SOUTH,2026-06-16,1659.05,715374.6
SOUTH,2026-06-17,3609.82,718984.42
SOUTH,2026-06-18,60.49,719044.91
SOUTH,2026-06-19,502.97,719547.88
SOUTH,2026-06-20,6002.98,725550.86
SOUTH,2026-06-21,3562.94,729113.8
SOUTH,2026-06-22,997.02,730110.82
SOUTH,2026-06-24,7774.58,737885.4
SOUTH,2026-06-25,1560.8,739446.2
SOUTH,2026-06-26,1306.7,740752.9
SOUTH,2026-06-28,4341.88,745094.78
SOUTH,2026-06-29,3169.26,748264.04
SOUTH,2026-06-30,3675.09,751939.13
SOUTH,2026-07-01,2806.35,754745.48
SOUTH,2026-07-02,533.39,755278.87
SOUTH,2026-07-03,4391.29,759670.16
SOUTH,2026-07-04,6045.52,765715.68
SOUTH,2026-07-05,5091.37,770807.05
SOUTH,2026-07-06,5102.07,775909.12
SOUTH,2026-07-07,40.59,775949.71
SOUTH,2026-07-08,3438.74,779388.45
SOUTH,2026-07-09,4352.54,783740.99
SOUTH,2026-07-10,7330.14,791071.13
SOUTH,2026-07-11,2672.07,793743.2
SOUTH,2026-07-12,4751.97,798495.17
SOUTH,2026-07-13,4040.46,802535.63
SOUTH,2026-07-14,4679.7,807215.33
SOUTH,2026-07-15,470.61,807685.94
SOUTH,2026-07-16,699.84,808385.78
SOUTH,2026-07-17,661.33,809047.11
SOUTH,2026-07-18,4721.39,813768.5
SOUTH,2026-07-19,915.57,814684.07
SOUTH,2026-07-20,-252.27,814431.8
SOUTH,2026-07-22,4666.97,819098.77
SOUTH,2026-07-23,1135.58,820234.35
SOUTH,2026-07-25,2622.51,822856.86
SOUTH,2026-07-26,2207.27,825064.13
SOUTH,2026-07-27,3414.37,828478.5
SOUTH,2026-07-28,3321.48,831799.98
SOUTH,2026-07-29,4257.25,836057.23
SOUTH,2026-07-30,1304.86,837362.09
SOUTH,2026-07-31,3835.96,841198.05
SOUTH,2026-08-01,-78.62,841119.43
WEST,2024-09-01,1073.06,1073.06
WEST,2024-09-04,3228.1,4301.16
WEST,2024-09-07,304.21,4605.37
WEST,2024-09-17,2065.3,6670.67
WEST,2024-09-18,1232.85,7903.52
WEST,2024-09-24,417.65,8321.17
WEST,2024-10-13,36.33,8357.5
WEST,2024-10-18,925.58,9283.08
WEST,2024-10-23,333.2,9616.28
WEST,2024-11-05,1415.51,11031.79
WEST,2024-11-07,373.88,11405.67
WEST,2024-11-17,1173.63,12579.3
WEST,2024-11-18,1313.32,13892.62
WEST,2024-11-20,1449.79,15342.41
WEST,2024-11-26,721.58,16063.99
WEST,2024-11-28,1003.24,17067.23
WEST,2024-11-30,249.62,17316.85
WEST,2024-12-12,222.39,17539.24
WEST,2024-12-16,3355.98,20895.22
WEST,2024-12-17,1090.46,21985.68
WEST,2024-12-21,74.05,22059.73
WEST,2024-12-26,3656.19,25715.92
WEST,2024-12-28,310.77,26026.69
WEST,2024-12-31,1498.24,27524.93
WEST,2025-01-02,478.2,28003.13
WEST,2025-01-03,1784.94,29788.07
WEST,2025-01-06,481.54,30269.61
WEST,2025-01-11,4592.28,34861.89
WEST,2025-01-12,3025.48,37887.37
WEST,2025-01-15,556.91,38444.28
WEST,2025-01-16,176.59,38620.87
WEST,2025-01-18,5995.93,44616.8
WEST,2025-01-20,55.44,44672.24
WEST,2025-01-22,2085.54,46757.78
WEST,2025-02-04,184.4,46942.18
WEST,2025-02-07,221.77,47163.95
WEST,2025-02-08,610.69,47774.64
WEST,2025-02-09,3035.6,50810.24
WEST,2025-02-10,644.86,51455.1
WEST,2025-02-13,236.85,51691.95
WEST,2025-02-14,3029.39,54721.34
WEST,2025-02-15,318.45,55039.79
WEST,2025-02-19,1858.43,56898.22
WEST,2025-02-21,336.6,57234.82
WEST,2025-02-22,3463.61,60698.43
WEST,2025-02-23,-20.22,60678.21
WEST,2025-02-26,187.33,60865.54
WEST,2025-02-28,4610.3,65475.84
WEST,2025-03-01,641.69,66117.53
WEST,2025-03-03,431.07,66548.6
WEST,2025-03-06,417.01,66965.61
WEST,2025-03-07,25.04,66990.65
WEST,2025-03-09,200.03,67190.68
WEST,2025-03-10,588.7,67779.38
WEST,2025-03-11,3372.36,71151.74
WEST,2025-03-13,5402.27,76554.01
WEST,2025-03-14,971.62,77525.63
WEST,2025-03-19,1416.35,78941.98
WEST,2025-03-22,1819.02,80761.0
WEST,2025-03-24,523.46,81284.46
WEST,2025-03-30,340.8,81625.26
WEST,2025-03-31,3792.19,85417.45
WEST,2025-04-02,681.82,86099.27
WEST,2025-04-05,321.73,86421.0
WEST,2025-04-07,167.58,86588.58
WEST,2025-04-08,982.99,87571.57
WEST,2025-04-10,-902.86,86668.71
WEST,2025-04-21,174.62,86843.33
WEST,2025-04-22,2182.12,89025.45
WEST,2025-04-23,418.39,89443.84
WEST,2025-04-24,1682.82,91126.66
WEST,2025-04-25,443.19,91569.85
WEST,2025-04-26,1260.06,92829.91
WEST,2025-04-28,1114.53,93944.44
WEST,2025-04-29,1574.57,95519.01
WEST,2025-04-30,-70.05,95448.96
WEST,2025-05-02,1148.09,96597.05
WEST,2025-05-05,1521.94,98118.99
WEST,2025-05-06,916.22,99035.21
WEST,2025-05-08,798.54,99833.75
WEST,2025-05-12,398.9,100232.65
WEST,2025-05-14,-10.28,100222.37
WEST,2025-05-15,1354.39,101576.76
WEST,2025-05-19,613.13,102189.89
WEST,2025-05-20,1092.76,103282.65
WEST,2025-05-22,447.06,103729.71
WEST,2025-05-23,5593.27,109322.98
WEST,2025-05-24,2595.93,111918.91
WEST,2025-05-26,697.55,112616.46
WEST,2025-05-28,568.84,113185.3
WEST,2025-06-03,4474.76,117660.06
WEST,2025-06-10,596.18,118256.24
WEST,2025-06-11,7253.1,125509.34
WEST,2025-06-12,898.1,126407.44
WEST,2025-06-13,1399.59,127807.03
WEST,2025-06-14,-471.05,127335.98
WEST,2025-06-17,-267.04,127068.94
WEST,2025-06-18,598.96,127667.9
WEST,2025-06-19,1550.85,129218.75
WEST,2025-06-21,3263.58,132482.33
WEST,2025-06-22,2263.48,134745.81
WEST,2025-06-25,831.9,135577.71
WEST,2025-06-26,156.01,135733.72
WEST,2025-06-28,2551.33,138285.05
WEST,2025-06-29,334.17,138619.22
WEST,2025-06-30,128.46,138747.68
WEST,2025-07-02,166.3,138913.98
WEST,2025-07-04,3459.08,142373.06
WEST,2025-07-06,195.07,142568.13
WEST,2025-07-09,1323.7,143891.83
WEST,2025-07-10,436.6,144328.43
WEST,2025-07-11,134.53,144462.96
WEST,2025-07-12,939.81,145402.77
WEST,2025-07-16,867.97,146270.74
WEST,2025-07-20,322.84,146593.58
WEST,2025-07-21,373.32,146966.9
WEST,2025-07-22,4046.29,151013.19
WEST,2025-07-25,1362.54,152375.73
WEST,2025-07-26,1046.76,153422.49
WEST,2025-07-27,43.58,153466.07
WEST,2025-07-30,-1169.1,152296.97
WEST,2025-07-31,2085.31,154382.28
WEST,2025-08-02,37.92,154420.2
WEST,2025-08-04,4114.62,158534.82
WEST,2025-08-05,1505.94,160040.76
WEST,2025-08-07,14.56,160055.32
WEST,2025-08-08,252.93,160308.25
WEST,2025-08-09,554.39,160862.64
WEST,2025-08-10,1852.78,162715.42
WEST,2025-08-11,593.76,163309.18
WEST,2025-08-12,60.55,163369.73
WEST,2025-08-13,385.57,163755.3
WEST,2025-08-14,2387.58,166142.88
WEST,2025-08-15,739.05,166881.93
WEST,2025-08-16,53.5,166935.43
WEST,2025-08-17,1984.28,168919.71
WEST,2025-08-18,510.49,169430.2
WEST,2025-08-19,33.57,169463.77
WEST,2025-08-20,1104.98,170568.75
WEST,2025-08-21,1380.44,171949.19
WEST,2025-08-24,4615.42,176564.61
WEST,2025-08-25,215.01,176779.62
WEST,2025-08-26,1336.22,178115.84
WEST,2025-08-27,1905.8,180021.64
WEST,2025-08-28,463.67,180485.31
WEST,2025-08-29,4412.85,184898.16
WEST,2025-08-30,1462.67,186360.83
WEST,2025-08-31,169.43,186530.26
WEST,2025-09-01,238.05,186768.31
WEST,2025-09-03,10198.24,196966.55
WEST,2025-09-05,4528.34,201494.89
WEST,2025-09-06,736.29,202231.18
WEST,2025-09-09,124.02,202355.2
WEST,2025-09-10,257.51,202612.71
WEST,2025-09-11,284.83,202897.54
WEST,2025-09-14,3442.67,206340.21
WEST,2025-09-16,362.39,206702.6
WEST,2025-09-18,581.14,207283.74
WEST,2025-09-19,29.1,207312.84
WEST,2025-09-21,4.95,207317.79
WEST,2025-09-22,436.41,207754.2
WEST,2025-09-23,1998.88,209753.08
WEST,2025-09-24,916.47,210669.55
WEST,2025-09-25,99.97,210769.52
WEST,2025-09-28,2671.31,213440.83
WEST,2025-09-29,4747.19,218188.02
WEST,2025-10-02,1523.62,219711.64
WEST,2025-10-03,1172.25,220883.89
WEST,2025-10-05,735.53,221619.42
WEST,2025-10-07,5601.06,227220.48
WEST,2025-10-08,2942.04,230162.52
WEST,2025-10-09,1785.28,231947.8
WEST,2025-10-10,-2708.66,229239.14
WEST,2025-10-11,2022.7,231261.84
WEST,2025-10-12,-475.52,230786.32
WEST,2025-10-15,749.24,231535.56
WEST,2025-10-16,26.76,231562.32
WEST,2025-10-17,91.6,231653.92
WEST,2025-10-19,654.22,232308.14
WEST,2025-10-21,36.94,232345.08
WEST,2025-10-22,412.75,232757.83
WEST,2025-10-24,790.71,233548.54
WEST,2025-10-25,890.87,234439.41
WEST,2025-10-27,710.76,235150.17
WEST,2025-10-28,1301.3,236451.47
WEST,2025-10-29,1805.11,238256.58
WEST,2025-10-30,145.77,238402.35
WEST,2025-10-31,1082.4,239484.75
WEST,2025-11-01,-1267.02,238217.73
WEST,2025-11-02,849.81,239067.54
WEST,2025-11-04,1146.85,240214.39
WEST,2025-11-05,153.06,240367.45
WEST,2025-11-06,3651.97,244019.42
WEST,2025-11-10,-113.66,243905.76
WEST,2025-11-11,2085.3,245991.06
WEST,2025-11-12,4048.87,250039.93
WEST,2025-11-13,1652.73,251692.66
WEST,2025-11-14,118.71,251811.37
WEST,2025-11-15,-690.49,251120.88
WEST,2025-11-17,192.19,251313.07
WEST,2025-11-18,592.35,251905.42
WEST,2025-11-21,256.02,252161.44
WEST,2025-11-22,5884.3,258045.74
WEST,2025-11-23,58.87,258104.61
WEST,2025-11-24,1525.54,259630.15
WEST,2025-11-25,6426.66,266056.81
WEST,2025-11-27,874.74,266931.55
WEST,2025-11-29,1137.85,268069.4
WEST,2025-11-30,304.85,268374.25
WEST,2025-12-02,1611.76,269986.01
WEST,2025-12-03,3632.39,273618.4
WEST,2025-12-07,1820.95,275439.35
WEST,2025-12-09,1813.15,277252.5
WEST,2025-12-10,0.0,277252.5
WEST,2025-12-11,78.11,277330.61
WEST,2025-12-12,-618.93,276711.68
WEST,2025-12-13,4998.65,281710.33
WEST,2025-12-14,3978.07,285688.4
WEST,2025-12-15,3126.8,288815.2
WEST,2025-12-16,2836.18,291651.38
WEST,2025-12-18,22.47,291673.85
WEST,2025-12-19,4068.87,295742.72
WEST,2025-12-21,1630.17,297372.89
WEST,2025-12-22,5923.14,303296.03
WEST,2025-12-23,4364.12,307660.15
WEST,2025-12-24,1167.84,308827.99
WEST,2025-12-25,-12.5,308815.49
WEST,2025-12-26,506.25,309321.74
WEST,2025-12-27,1122.12,310443.86
WEST,2025-12-28,457.71,310901.57
WEST,2025-12-29,-1476.76,309424.81
WEST,2025-12-30,4455.74,313880.55
WEST,2025-12-31,6491.58,320372.13
WEST,2026-01-01,4832.58,325204.71
WEST,2026-01-02,2442.77,327647.48
WEST,2026-01-04,437.28,328084.76
WEST,2026-01-05,123.85,328208.61
WEST,2026-01-06,4184.41,332393.02
WEST,2026-01-07,1782.11,334175.13
WEST,2026-01-08,363.72,334538.85
WEST,2026-01-11,1398.85,335937.7
WEST,2026-01-12,-912.63,335025.07
WEST,2026-01-14,1437.42,336462.49
WEST,2026-01-15,2683.37,339145.86
WEST,2026-01-16,-67.96,339077.9
WEST,2026-01-17,1925.29,341003.19
WEST,2026-01-18,1455.1,342458.29
WEST,2026-01-19,2117.4,344575.69
WEST,2026-01-20,529.51,345105.2
WEST,2026-01-21,559.0,345664.2
WEST,2026-01-22,926.1,346590.3
WEST,2026-01-23,1331.01,347921.31
WEST,2026-01-24,909.3,348830.61
WEST,2026-01-25,4726.05,353556.66
WEST,2026-01-27,2057.64,355614.3
WEST,2026-01-28,1250.81,356865.11
WEST,2026-01-30,982.47,357847.58
WEST,2026-01-31,1690.47,359538.05
WEST,2026-02-01,832.02,360370.07
WEST,2026-02-03,3166.27,363536.34
WEST,2026-02-04,556.51,364092.85
WEST,2026-02-06,1864.94,365957.79
WEST,2026-02-07,368.47,366326.26
WEST,2026-02-09,4880.46,371206.72
WEST,2026-02-10,1375.65,372582.37
WEST,2026-02-12,2152.61,374734.98
WEST,2026-02-13,989.89,375724.87
WEST,2026-02-16,1582.76,377307.63
WEST,2026-02-18,1048.56,378356.19
WEST,2026-02-19,263.45,378619.64
WEST,2026-02-20,1957.32,380576.96
WEST,2026-02-21,2825.54,383402.5
WEST,2026-02-22,1907.41,385309.91
WEST,2026-02-24,8639.78,393949.69
WEST,2026-02-27,6102.47,400052.16
WEST,2026-02-28,2203.19,402255.35
WEST,2026-03-01,4144.25,406399.6
WEST,2026-03-02,3452.05,409851.65
WEST,2026-03-03,4971.65,414823.3
WEST,2026-03-05,3001.49,417824.79
WEST,2026-03-07,1100.45,418925.24
WEST,2026-03-08,2737.12,421662.36
WEST,2026-03-09,593.03,422255.39
WEST,2026-03-10,2080.38,424335.77
WEST,2026-03-12,2563.99,426899.76
WEST,2026-03-13,2831.16,429730.92
WEST,2026-03-14,4576.52,434307.44
WEST,2026-03-15,2201.85,436509.29
WEST,2026-03-16,-6.66,436502.63
WEST,2026-03-17,2185.32,438687.95
WEST,2026-03-18,9460.76,448148.71
WEST,2026-03-19,119.15,448267.86
WEST,2026-03-20,2001.01,450268.87
WEST,2026-03-21,2788.09,453056.96
WEST,2026-03-22,1214.74,454271.7
WEST,2026-03-23,2368.4,456640.1
WEST,2026-03-24,2743.86,459383.96
WEST,2026-03-25,1594.67,460978.63
WEST,2026-03-26,2985.05,463963.68
WEST,2026-03-28,647.79,464611.47
WEST,2026-03-29,1696.73,466308.2
WEST,2026-03-30,879.9,467188.1
WEST,2026-03-31,504.1,467692.2
WEST,2026-04-01,70.79,467762.99
WEST,2026-04-02,1983.39,469746.38
WEST,2026-04-03,5899.25,475645.63
WEST,2026-04-04,99.52,475745.15
WEST,2026-04-05,1369.27,477114.42
WEST,2026-04-06,1213.42,478327.84
WEST,2026-04-07,3321.33,481649.17
WEST,2026-04-08,820.48,482469.65
WEST,2026-04-09,120.09,482589.74
WEST,2026-04-10,7063.69,489653.43
WEST,2026-04-12,368.89,490022.32
WEST,2026-04-14,7231.91,497254.23
WEST,2026-04-16,1832.47,499086.7
WEST,2026-04-17,1147.74,500234.44
WEST,2026-04-18,10077.84,510312.28
WEST,2026-04-19,2970.36,513282.64
WEST,2026-04-20,2908.71,516191.35
WEST,2026-04-21,3054.28,519245.63
WEST,2026-04-22,1428.06,520673.69
WEST,2026-04-23,3633.76,524307.45
WEST,2026-04-24,-97.16,524210.29
WEST,2026-04-25,239.76,524450.05
WEST,2026-04-26,207.66,524657.71
WEST,2026-04-27,3414.29,528072.0
WEST,2026-04-28,15.41,528087.41
WEST,2026-04-29,220.18,528307.59
WEST,2026-04-30,-1931.44,526376.15
WEST,2026-05-01,715.29,527091.44
WEST,2026-05-02,3459.85,530551.29
WEST,2026-05-03,1182.48,531733.77
WEST,2026-05-04,2880.87,534614.64
WEST,2026-05-06,-712.45,533902.19
WEST,2026-05-07,2626.85,536529.04
WEST,2026-05-08,2501.05,539030.09
WEST,2026-05-09,2428.38,541458.47
WEST,2026-05-10,2240.14,543698.61
WEST,2026-05-11,849.07,544547.68
WEST,2026-05-12,2348.24,546895.92
WEST,2026-05-13,2347.36,549243.28
WEST,2026-05-14,1671.88,550915.16
WEST,2026-05-15,4101.64,555016.8
WEST,2026-05-16,1267.41,556284.21
WEST,2026-05-17,1393.58,557677.79
WEST,2026-05-18,1665.88,559343.67
WEST,2026-05-20,2572.42,561916.09
WEST,2026-05-21,93.63,562009.72
WEST,2026-05-22,4783.78,566793.5
WEST,2026-05-23,514.23,567307.73
WEST,2026-05-25,4423.81,571731.54
WEST,2026-05-26,4119.95,575851.49
WEST,2026-05-27,1237.46,577088.95
WEST,2026-05-28,1358.5,578447.45
WEST,2026-05-29,1031.0,579478.45
WEST,2026-05-31,17.13,579495.58
WEST,2026-06-01,2830.06,582325.64
WEST,2026-06-02,237.6,582563.24
WEST,2026-06-03,1500.69,584063.93
WEST,2026-06-04,8313.28,592377.21
WEST,2026-06-06,1529.82,593907.03
WEST,2026-06-07,3398.43,597305.46
WEST,2026-06-08,4528.41,601833.87
WEST,2026-06-09,3035.91,604869.78
WEST,2026-06-10,268.36,605138.14
WEST,2026-06-11,3384.16,608522.3
WEST,2026-06-12,1326.67,609848.97
WEST,2026-06-13,2048.68,611897.65
WEST,2026-06-14,2374.62,614272.27
WEST,2026-06-15,4705.68,618977.95
WEST,2026-06-16,7891.4,626869.35
WEST,2026-06-18,2011.5,628880.85
WEST,2026-06-19,2103.27,630984.12
WEST,2026-06-20,-1553.81,629430.31
WEST,2026-06-21,2595.7,632026.01
WEST,2026-06-22,3293.56,635319.57
WEST,2026-06-23,8186.58,643506.15
WEST,2026-06-25,5675.52,649181.67
WEST,2026-06-26,7610.94,656792.61
WEST,2026-06-28,1244.88,658037.49
WEST,2026-06-29,3541.13,661578.62
WEST,2026-06-30,777.47,662356.09
WEST,2026-07-02,586.9,662942.99
WEST,2026-07-03,5793.61,668736.6
WEST,2026-07-05,121.28,668857.88
WEST,2026-07-06,5071.54,673929.42
WEST,2026-07-07,6358.35,680287.77
WEST,2026-07-08,7748.6,688036.37
WEST,2026-07-09,2879.04,690915.41
WEST,2026-07-10,4212.75,695128.16
WEST,2026-07-11,2540.17,697668.33
WEST,2026-07-12,2269.98,699938.31
WEST,2026-07-13,47.95,699986.26
WEST,2026-07-14,1843.27,701829.53
WEST,2026-07-15,1669.68,703499.21
WEST,2026-07-16,119.7,703618.91
WEST,2026-07-17,1753.18,705372.09
WEST,2026-07-18,6169.42,711541.51
WEST,2026-07-19,1694.58,713236.09
WEST,2026-07-20,6716.25,719952.34
WEST,2026-07-21,6033.83,725986.17
WEST,2026-07-24,5890.01,731876.18
WEST,2026-07-25,20.1,731896.28
WEST,2026-07-26,3293.15,735189.43
WEST,2026-07-27,2652.6,737842.03
WEST,2026-07-28,2358.73,740200.76
WEST,2026-07-29,2722.25,742923.01
WEST,2026-07-30,241.5,743164.51
WEST,2026-07-31,476.8,743641.31
WEST,2026-08-01,1567.91,745209.22
