customer_id,revenue_rank,revenue,cumulative_revenue,cumulative_percent,top_percent_of_customers
CUST00206,1,37188.14,37188.14,0.95,0.14
CUST00588,2,30424.8,67612.94,1.73,0.29
CUST00665,3,28973.08,96586.02,2.47,0.43
CUST00541,4,24746.59,121332.61,3.1,0.58
CUST00514,5,24193.49,145526.1,3.72,0.72
CUST00170,6,23244.98,168771.08,4.32,0.86
CUST00570,7,23167.48,191938.56,4.91,1.01
CUST00269,8,22870.0,214808.56,5.5,1.15
CUST00499,9,22543.1,237351.66,6.07,1.29
CUST00792,10,22387.61,259739.27,6.65,1.44
CUST00615,11,21870.2,281609.47,7.2,1.58
CUST00059,12,20638.85,302248.32,7.73,1.73
CUST00610,13,20259.03,322507.35,8.25,1.87
CUST00048,14,19686.5,342193.85,8.75,2.01
CUST00673,15,19024.98,361218.83,9.24,2.16
CUST00411,16,18790.88,380009.71,9.72,2.3
CUST00661,17,18766.22,398775.93,10.2,2.45
CUST00605,18,17606.27,416382.2,10.65,2.59
CUST00430,19,17580.32,433962.52,11.1,2.73
CUST00011,20,17075.56,451038.08,11.54,2.88
CUST00167,21,16999.36,468037.44,11.97,3.02
CUST00365,22,16968.9,485006.34,12.41,3.17
CUST00770,23,16503.1,501509.44,12.83,3.31
CUST00613,24,16492.06,518001.5,13.25,3.45
CUST00315,25,16110.7,534112.2,13.66,3.6
CUST00423,26,16063.2,550175.4,14.08,3.74
CUST00190,27,15885.32,566060.72,14.48,3.88
CUST00138,28,15850.67,581911.39,14.89,4.03
CUST00424,29,15595.66,597507.05,15.29,4.17
CUST00735,30,15488.35,612995.4,15.68,4.32
CUST00691,31,15457.67,628453.07,16.08,4.46
CUST00010,32,15369.54,643822.61,16.47,4.6
CUST00018,33,15185.74,659008.35,16.86,4.75
CUST00389,34,15148.18,674156.53,17.25,4.89
CUST00799,35,15107.42,689263.95,17.63,5.04
CUST00301,36,15096.9,704360.85,18.02,5.18
CUST00544,37,15002.7,719363.55,18.4,5.32
CUST00257,38,14900.35,734263.9,18.79,5.47
CUST00658,39,14883.26,749147.16,19.17,5.61
CUST00230,40,14843.26,763990.42,19.55,5.76
CUST00383,41,14768.19,778758.61,19.92,5.9
CUST00039,42,14721.54,793480.15,20.3,6.04
CUST00372,43,14712.52,808192.67,20.68,6.19
CUST00550,44,14695.16,822887.83,21.05,6.33
CUST00364,45,14666.63,837554.46,21.43,6.47
CUST00668,46,14654.31,852208.77,21.8,6.62
CUST00110,47,14488.09,866696.86,22.17,6.76
CUST00603,48,14458.08,881154.94,22.54,6.91
CUST00754,49,14385.28,895540.22,22.91,7.05
CUST00574,50,14323.45,909863.67,23.28,7.19
CUST00797,51,14290.43,924154.1,23.64,7.34
CUST00648,52,14111.82,938265.92,24.0,7.48
CUST00749,53,14066.43,952332.35,24.36,7.63
CUST00469,54,14007.28,966339.63,24.72,7.77
CUST00693,55,13978.47,980318.1,25.08,7.91
CUST00347,56,13960.04,994278.14,25.44,8.06
CUST00022,57,13767.99,1008046.13,25.79,8.2
CUST00145,58,13655.39,1021701.52,26.14,8.35
CUST00674,59,13590.04,1035291.56,26.49,8.49
CUST00503,60,13418.17,1048709.73,26.83,8.63
CUST00182,61,13296.37,1062006.1,27.17,8.78
CUST00161,62,13169.1,1075175.2,27.51,8.92
CUST00307,63,13060.24,1088235.44,27.84,9.06
CUST00041,64,12951.89,1101187.33,28.17,9.21
CUST00777,65,12946.39,1114133.72,28.5,9.35
CUST00263,66,12933.14,1127066.86,28.83,9.5
CUST00341,67,12890.75,1139957.61,29.16,9.64
CUST00178,68,12852.34,1152809.95,29.49,9.78
CUST00501,69,12778.14,1165588.09,29.82,9.93
CUST00311,70,12668.56,1178256.65,30.14,10.07
CUST00109,71,12574.28,1190830.93,30.47,10.22
CUST00255,72,12427.13,1203258.06,30.78,10.36
CUST00509,73,12306.01,1215564.07,31.1,10.5
CUST00340,74,12049.27,1227613.34,31.41,10.65
CUST00164,75,11989.25,1239602.59,31.71,10.79
CUST00704,76,11894.65,1251497.24,32.02,10.94
CUST00553,77,11792.4,1263289.64,32.32,11.08
CUST00581,78,11725.9,1275015.54,32.62,11.22
CUST00355,79,11691.59,1286707.13,32.92,11.37
CUST00759,80,11660.26,1298367.39,33.22,11.51
CUST00708,81,11589.28,1309956.67,33.51,11.65
CUST00068,82,11509.46,1321466.13,33.81,11.8
CUST00204,83,11495.68,1332961.81,34.1,11.94
CUST00609,84,11461.15,1344422.96,34.4,12.09
CUST00358,85,11394.99,1355817.95,34.69,12.23
CUST00337,86,11323.77,1367141.72,34.98,12.37
CUST00447,87,11263.79,1378405.51,35.26,12.52
CUST00030,88,11094.35,1389499.86,35.55,12.66
CUST00035,89,11073.21,1400573.07,35.83,12.81
CUST00730,90,10934.91,1411507.98,36.11,12.95
CUST00056,91,10908.42,1422416.4,36.39,13.09
CUST00700,92,10810.24,1433226.64,36.67,13.24
CUST00267,93,10689.63,1443916.27,36.94,13.38
CUST00266,94,10664.77,1454581.04,37.21,13.53
CUST00380,95,10583.39,1465164.43,37.48,13.67
CUST00284,96,10470.66,1475635.09,37.75,13.81
CUST00086,97,10462.97,1486098.06,38.02,13.96
CUST00534,98,10360.29,1496458.35,38.29,14.1
CUST00568,99,10360.15,1506818.5,38.55,14.24
CUST00604,100,10349.05,1517167.55,38.81,14.39
CUST00428,101,10327.81,1527495.36,39.08,14.53
CUST00747,102,10236.25,1537731.61,39.34,14.68
CUST00309,103,10195.45,1547927.06,39.6,14.82
CUST00638,104,10193.11,1558120.17,39.86,14.96
CUST00617,105,10126.59,1568246.76,40.12,15.11
CUST00351,106,10101.72,1578348.48,40.38,15.25
CUST00366,107,10030.55,1588379.03,40.64,15.4
CUST00324,108,9971.43,1598350.46,40.89,15.54
CUST00681,109,9969.8,1608320.26,41.15,15.68
CUST00798,110,9862.97,1618183.23,41.4,15.83
CUST00452,111,9775.2,1627958.43,41.65,15.97
CUST00599,112,9762.62,1637721.05,41.9,16.12
CUST00775,113,9738.36,1647459.41,42.15,16.26
CUST00476,114,9675.24,1657134.65,42.4,16.4
CUST00502,115,9596.44,1666731.09,42.64,16.55
CUST00023,116,9559.48,1676290.57,42.89,16.69
CUST00438,117,9551.63,1685842.2,43.13,16.83
CUST00272,118,9536.12,1695378.32,43.37,16.98
CUST00533,119,9531.82,1704910.14,43.62,17.12
CUST00034,120,9509.45,1714419.59,43.86,17.27
CUST00073,121,9499.07,1723918.66,44.1,17.41
CUST00187,122,9495.34,1733414.0,44.35,17.55
CUST00614,123,9302.1,1742716.1,44.59,17.7
CUST00271,124,9280.7,1751996.8,44.82,17.84
CUST00154,125,9240.95,1761237.75,45.06,17.99
CUST00622,126,9223.03,1770460.78,45.3,18.13
CUST00561,127,9195.91,1779656.69,45.53,18.27
CUST00113,128,9166.26,1788822.95,45.76,18.42
CUST00786,129,9163.72,1797986.67,46.0,18.56
CUST00460,130,9109.2,1807095.87,46.23,18.71
CUST00067,131,9107.09,1816202.96,46.47,18.85
CUST00495,132,9089.31,1825292.27,46.7,18.99
CUST00276,133,9067.84,1834360.11,46.93,19.14
CUST00592,134,9067.79,1843427.9,47.16,19.28
CUST00517,135,9045.77,1852473.67,47.39,19.42
CUST00419,136,9040.84,1861514.51,47.62,19.57
CUST00676,137,9021.78,1870536.29,47.86,19.71
CUST00401,138,9019.79,1879556.08,48.09,19.86
CUST00437,139,8987.53,1888543.61,48.32,20.0
CUST00342,140,8973.73,1897517.34,48.55,20.14
CUST00185,141,8968.96,1906486.3,48.78,20.29
CUST00032,142,8848.67,1915334.97,49.0,20.43
CUST00745,143,8829.86,1924164.83,49.23,20.58
CUST00636,144,8802.07,1932966.9,49.45,20.72
CUST00625,145,8771.77,1941738.67,49.68,20.86
CUST00323,146,8767.17,1950505.84,49.9,21.01
CUST00596,147,8761.88,1959267.72,50.13,21.15
CUST00554,148,8716.99,1967984.71,50.35,21.29
CUST00050,149,8705.28,1976689.99,50.57,21.44
CUST00344,150,8696.45,1985386.44,50.79,21.58
CUST00007,151,8550.27,1993936.71,51.01,21.73
CUST00028,152,8542.24,2002478.95,51.23,21.87
CUST00260,153,8536.29,2011015.24,51.45,22.01
CUST00184,154,8524.0,2019539.24,51.67,22.16
CUST00370,155,8506.01,2028045.25,51.89,22.3
CUST00327,156,8458.05,2036503.3,52.1,22.45
CUST00126,157,8450.66,2044953.96,52.32,22.59
CUST00052,158,8440.93,2053394.89,52.53,22.73
CUST00058,159,8378.13,2061773.02,52.75,22.88
CUST00368,160,8332.05,2070105.07,52.96,23.02
CUST00114,161,8275.7,2078380.77,53.17,23.17
CUST00147,162,8268.8,2086649.57,53.38,23.31
CUST00723,163,8207.62,2094857.19,53.59,23.45
CUST00586,164,8183.79,2103040.98,53.8,23.6
CUST00585,165,8080.59,2111121.57,54.01,23.74
CUST00244,166,8067.94,2119189.51,54.22,23.88
CUST00385,167,7985.64,2127175.15,54.42,24.03
CUST00128,168,7962.97,2135138.12,54.62,24.17
CUST00464,169,7911.66,2143049.78,54.83,24.32
CUST00716,170,7889.65,2150939.43,55.03,24.46
CUST00009,171,7852.35,2158791.78,55.23,24.6
CUST00332,172,7825.45,2166617.23,55.43,24.75
CUST00279,173,7808.38,2174425.61,55.63,24.89
CUST00487,174,7797.53,2182223.14,55.83,25.04
CUST00627,175,7785.31,2190008.45,56.03,25.18
CUST00242,176,7780.83,2197789.28,56.23,25.32
CUST00692,177,7778.7,2205567.98,56.43,25.47
CUST00689,178,7729.75,2213297.73,56.62,25.61
CUST00594,179,7707.34,2221005.07,56.82,25.76
CUST00566,180,7690.46,2228695.53,57.02,25.9
CUST00163,181,7686.67,2236382.2,57.22,26.04
CUST00441,182,7673.45,2244055.65,57.41,26.19
CUST00051,183,7600.49,2251656.14,57.61,26.33
CUST00356,184,7589.98,2259246.12,57.8,26.47
CUST00060,185,7555.66,2266801.78,57.99,26.62
CUST00319,186,7491.56,2274293.34,58.18,26.76
CUST00601,187,7476.73,2281770.07,58.38,26.91
CUST00066,188,7473.88,2289243.95,58.57,27.05
CUST00649,189,7461.68,2296705.63,58.76,27.19
CUST00354,190,7413.31,2304118.94,58.95,27.34
CUST00556,191,7388.51,2311507.45,59.14,27.48
CUST00395,192,7354.41,2318861.86,59.33,27.63
CUST00409,193,7352.5,2326214.36,59.51,27.77
CUST00345,194,7275.47,2333489.83,59.7,27.91
CUST00205,195,7268.17,2340758.0,59.89,28.06
CUST00202,196,7240.36,2347998.36,60.07,28.2
CUST00198,197,7184.47,2355182.83,60.25,28.35
CUST00183,198,7132.33,2362315.16,60.44,28.49
CUST00633,199,7120.16,2369435.32,60.62,28.63
CUST00687,200,7113.97,2376549.29,60.8,28.78
CUST00162,201,7058.51,2383607.8,60.98,28.92
CUST00367,202,7037.11,2390644.91,61.16,29.06
CUST00563,203,7023.8,2397668.71,61.34,29.21
CUST00426,204,6933.82,2404602.53,61.52,29.35
CUST00496,205,6928.81,2411531.34,61.7,29.5
CUST00647,206,6884.61,2418415.95,61.87,29.64
CUST00512,207,6884.23,2425300.18,62.05,29.78
CUST00118,208,6868.24,2432168.42,62.22,29.93
CUST00357,209,6820.26,2438988.68,62.4,30.07
CUST00493,210,6817.95,2445806.63,62.57,30.22
CUST00578,211,6809.81,2452616.44,62.75,30.36
CUST00416,212,6794.95,2459411.39,62.92,30.5
CUST00764,213,6780.61,2466192.0,63.09,30.65
CUST00196,214,6777.81,2472969.81,63.27,30.79
CUST00228,215,6768.7,2479738.51,63.44,30.94
CUST00513,216,6740.94,2486479.45,63.61,31.08
CUST00037,217,6711.36,2493190.81,63.79,31.22
CUST00181,218,6686.59,2499877.4,63.96,31.37
CUST00629,219,6675.16,2506552.56,64.13,31.51
CUST00278,220,6655.17,2513207.73,64.3,31.65
CUST00374,221,6574.14,2519781.87,64.47,31.8
CUST00264,222,6566.08,2526347.95,64.63,31.94
CUST00508,223,6557.39,2532905.34,64.8,32.09
CUST00371,224,6544.21,2539449.55,64.97,32.23
CUST00226,225,6528.28,2545977.83,65.14,32.37
CUST00193,226,6496.92,2552474.75,65.3,32.52
CUST00336,227,6493.18,2558967.93,65.47,32.66
CUST00453,228,6462.53,2565430.46,65.63,32.81
CUST00671,229,6447.97,2571878.43,65.8,32.95
CUST00558,230,6423.86,2578302.29,65.96,33.09
CUST00571,231,6414.53,2584716.82,66.13,33.24
CUST00166,232,6399.49,2591116.31,66.29,33.38
CUST00343,233,6291.28,2597407.59,66.45,33.53
CUST00435,234,6290.95,2603698.54,66.61,33.67
CUST00013,235,6257.41,2609955.95,66.77,33.81
CUST00097,236,6235.53,2616191.48,66.93,33.96
CUST00287,237,6234.24,2622425.72,67.09,34.1
CUST00001,238,6220.86,2628646.58,67.25,34.24
CUST00439,239,6217.18,2634863.76,67.41,34.39
CUST00485,240,6209.65,2641073.41,67.57,34.53
CUST00362,241,6193.21,2647266.62,67.73,34.68
CUST00328,242,6190.81,2653457.43,67.89,34.82
CUST00562,243,6174.42,2659631.85,68.04,34.96
CUST00135,244,6151.0,2665782.85,68.2,35.11
CUST00479,245,6149.95,2671932.8,68.36,35.25
CUST00040,246,6144.63,2678077.43,68.52,35.4
CUST00746,247,6129.97,2684207.4,68.67,35.54
CUST00577,248,6116.31,2690323.71,68.83,35.68
CUST00057,249,6083.93,2696407.64,68.98,35.83
CUST00584,250,6057.66,2702465.3,69.14,35.97
CUST00088,251,6048.23,2708513.53,69.29,36.12
CUST00756,252,6041.09,2714554.62,69.45,36.26
CUST00398,253,6031.87,2720586.49,69.6,36.4
CUST00179,254,5994.08,2726580.57,69.76,36.55
CUST00125,255,5991.78,2732572.35,69.91,36.69
CUST00227,256,5987.07,2738559.42,70.06,36.83
CUST00042,257,5970.56,2744529.98,70.22,36.98
CUST00677,258,5961.32,2750491.3,70.37,37.12
CUST00253,259,5955.21,2756446.51,70.52,37.27
CUST00448,260,5929.79,2762376.3,70.67,37.41
CUST00025,261,5912.63,2768288.93,70.82,37.55
CUST00771,262,5901.19,2774190.12,70.97,37.7
CUST00451,263,5898.58,2780088.7,71.13,37.84
CUST00133,264,5889.6,2785978.3,71.28,37.99
CUST00326,265,5879.97,2791858.27,71.43,38.13
CUST00656,266,5873.54,2797731.81,71.58,38.27
CUST00361,267,5868.18,2803599.99,71.73,38.42
CUST00102,268,5830.62,2809430.61,71.88,38.56
CUST00474,269,5823.3,2815253.91,72.02,38.71
CUST00705,270,5821.35,2821075.26,72.17,38.85
CUST00290,271,5806.51,2826881.77,72.32,38.99
CUST00443,272,5771.55,2832653.32,72.47,39.14
CUST00177,273,5771.18,2838424.5,72.62,39.28
CUST00706,274,5767.23,2844191.73,72.77,39.42
CUST00096,275,5766.54,2849958.27,72.91,39.57
CUST00265,276,5759.13,2855717.4,73.06,39.71
CUST00748,277,5745.1,2861462.5,73.21,39.86
CUST00062,278,5725.02,2867187.52,73.35,40.0
CUST00101,279,5715.24,2872902.76,73.5,40.14
CUST00728,280,5663.28,2878566.04,73.64,40.29
CUST00054,281,5641.83,2884207.87,73.79,40.43
CUST00611,282,5641.49,2889849.36,73.93,40.58
CUST00427,283,5583.9,2895433.26,74.08,40.72
CUST00688,284,5581.4,2901014.66,74.22,40.86
CUST00575,285,5575.09,2906589.75,74.36,41.01
CUST00229,286,5550.98,2912140.73,74.5,41.15
CUST00755,287,5543.74,2917684.47,74.65,41.29
CUST00631,288,5537.72,2923222.19,74.79,41.44
CUST00412,289,5532.13,2928754.32,74.93,41.58
CUST00176,290,5520.57,2934274.89,75.07,41.73
CUST00142,291,5499.44,2939774.33,75.21,41.87
CUST00527,292,5486.92,2945261.25,75.35,42.01
CUST00103,293,5471.82,2950733.07,75.49,42.16
CUST00408,294,5459.2,2956192.27,75.63,42.3
CUST00186,295,5404.09,2961596.36,75.77,42.45
CUST00004,296,5404.08,2967000.44,75.91,42.59
CUST00046,297,5399.06,2972399.5,76.05,42.73
CUST00766,298,5311.29,2977710.79,76.18,42.88
CUST00248,299,5297.23,2983008.02,76.32,43.02
CUST00350,300,5295.02,2988303.04,76.45,43.17
CUST00721,301,5277.98,2993581.02,76.59,43.31
CUST00774,302,5274.53,2998855.55,76.72,43.45
CUST00064,303,5264.34,3004119.89,76.86,43.6
CUST00549,304,5154.69,3009274.58,76.99,43.74
CUST00484,305,5148.03,3014422.61,77.12,43.88
CUST00655,306,5134.75,3019557.36,77.25,44.03
CUST00087,307,5125.27,3024682.63,77.38,44.17
CUST00249,308,5096.82,3029779.45,77.51,44.32
CUST00772,309,5073.56,3034853.01,77.64,44.46
CUST00157,310,5064.61,3039917.62,77.77,44.6
CUST00065,311,5061.4,3044979.02,77.9,44.75
CUST00200,312,5059.6,3050038.62,78.03,44.89
CUST00203,313,5038.86,3055077.48,78.16,45.04
CUST00449,314,5012.19,3060089.67,78.29,45.18
CUST00635,315,5011.73,3065101.4,78.42,45.32
CUST00165,316,5009.04,3070110.44,78.54,45.47
CUST00053,317,4991.26,3075101.7,78.67,45.61
CUST00047,318,4944.39,3080046.09,78.8,45.76
CUST00233,319,4928.14,3084974.23,78.93,45.9
CUST00407,320,4927.82,3089902.05,79.05,46.04
CUST00038,321,4927.09,3094829.14,79.18,46.19
CUST00240,322,4926.36,3099755.5,79.3,46.33
CUST00463,323,4912.71,3104668.21,79.43,46.47
CUST00302,324,4889.22,3109557.43,79.55,46.62
CUST00737,325,4868.77,3114426.2,79.68,46.76
CUST00497,326,4868.15,3119294.35,79.8,46.91
CUST00787,327,4865.35,3124159.7,79.93,47.05
CUST00720,328,4842.88,3129002.58,80.05,47.19
CUST00130,329,4802.03,3133804.61,80.17,47.34
CUST00078,330,4795.99,3138600.6,80.3,47.48
CUST00104,331,4788.63,3143389.23,80.42,47.63
CUST00709,332,4784.64,3148173.87,80.54,47.77
CUST00729,333,4767.02,3152940.89,80.66,47.91
CUST00405,334,4752.7,3157693.59,80.79,48.06
CUST00694,335,4737.16,3162430.75,80.91,48.2
CUST00251,336,4732.77,3167163.52,81.03,48.35
CUST00400,337,4719.69,3171883.21,81.15,48.49
CUST00346,338,4718.46,3176601.67,81.27,48.63
CUST00565,339,4685.22,3181286.89,81.39,48.78
CUST00012,340,4674.04,3185960.93,81.51,48.92
CUST00377,341,4659.15,3190620.08,81.63,49.06
CUST00280,342,4645.88,3195265.96,81.75,49.21
CUST00551,343,4580.39,3199846.35,81.86,49.35
CUST00282,344,4563.7,3204410.05,81.98,49.5
CUST00403,345,4517.1,3208927.15,82.1,49.64
CUST00462,346,4489.96,3213417.11,82.21,49.78
CUST00654,347,4425.72,3217842.83,82.32,49.93
CUST00106,348,4425.38,3222268.21,82.44,50.07
CUST00739,349,4410.24,3226678.45,82.55,50.22
CUST00618,350,4402.94,3231081.39,82.66,50.36
CUST00160,351,4378.86,3235460.25,82.78,50.5
CUST00744,352,4377.93,3239838.18,82.89,50.65
CUST00121,353,4374.65,3244212.83,83.0,50.79
CUST00524,354,4358.22,3248571.05,83.11,50.94
CUST00518,355,4349.37,3252920.42,83.22,51.08
CUST00710,356,4336.57,3257256.99,83.33,51.22
CUST00619,357,4330.82,3261587.81,83.44,51.37
CUST00703,358,4297.41,3265885.22,83.55,51.51
CUST00252,359,4241.67,3270126.89,83.66,51.65
CUST00221,360,4226.07,3274352.96,83.77,51.8
CUST00124,361,4211.55,3278564.51,83.88,51.94
CUST00505,362,4210.44,3282774.95,83.99,52.09
CUST00421,363,4204.08,3286979.03,84.09,52.23
CUST00669,364,4194.6,3291173.63,84.2,52.37
CUST00717,365,4177.24,3295350.87,84.31,52.52
CUST00758,366,4167.85,3299518.72,84.41,52.66
CUST00031,367,4165.0,3303683.72,84.52,52.81
CUST00250,368,4142.74,3307826.46,84.63,52.95
CUST00308,369,4106.6,3311933.06,84.73,53.09
CUST00795,370,4090.44,3316023.5,84.84,53.24
CUST00664,371,4089.21,3320112.71,84.94,53.38
CUST00607,372,4046.41,3324159.12,85.04,53.53
CUST00600,373,4035.46,3328194.58,85.15,53.67
CUST00546,374,4020.26,3332214.84,85.25,53.81
CUST00583,375,4005.18,3336220.02,85.35,53.96
CUST00701,376,4003.76,3340223.78,85.46,54.1
CUST00776,377,3979.87,3344203.65,85.56,54.24
CUST00711,378,3976.6,3348180.25,85.66,54.39
CUST00672,379,3973.55,3352153.8,85.76,54.53
CUST00286,380,3962.92,3356116.72,85.86,54.68
CUST00256,381,3945.0,3360061.72,85.96,54.82
CUST00696,382,3932.59,3363994.31,86.06,54.96
CUST00732,383,3894.88,3367889.19,86.16,55.11
CUST00761,384,3866.15,3371755.34,86.26,55.25
CUST00624,385,3858.44,3375613.78,86.36,55.4
CUST00713,386,3833.68,3379447.46,86.46,55.54
CUST00014,387,3830.5,3383277.96,86.56,55.68
CUST00091,388,3823.64,3387101.6,86.65,55.83
CUST00436,389,3797.31,3390898.91,86.75,55.97
CUST00171,390,3772.69,3394671.6,86.85,56.12
CUST00536,391,3753.52,3398425.12,86.94,56.26
CUST00790,392,3743.79,3402168.91,87.04,56.4
CUST00472,393,3729.81,3405898.72,87.14,56.55
CUST00616,394,3728.51,3409627.23,87.23,56.69
CUST00247,395,3711.63,3413338.86,87.33,56.83
CUST00159,396,3684.18,3417023.04,87.42,56.98
CUST00314,397,3646.25,3420669.29,87.51,57.12
CUST00391,398,3643.49,3424312.78,87.61,57.27
CUST00382,399,3631.16,3427943.94,87.7,57.41
CUST00800,400,3625.13,3431569.07,87.79,57.55
CUST00352,401,3599.22,3435168.29,87.88,57.7
CUST00188,402,3598.7,3438766.99,87.98,57.84
CUST00467,403,3597.03,3442364.02,88.07,57.99
CUST00531,404,3552.25,3445916.27,88.16,58.13
CUST00780,405,3538.4,3449454.67,88.25,58.27
CUST00274,406,3510.71,3452965.38,88.34,58.42
CUST00587,407,3495.8,3456461.18,88.43,58.56
CUST00507,408,3488.84,3459950.02,88.52,58.71
CUST00666,409,3486.46,3463436.48,88.61,58.85
CUST00740,410,3484.95,3466921.43,88.7,58.99
CUST00241,411,3482.28,3470403.71,88.79,59.14
CUST00107,412,3457.92,3473861.63,88.87,59.28
CUST00151,413,3440.17,3477301.8,88.96,59.42
CUST00075,414,3439.14,3480740.94,89.05,59.57
CUST00643,415,3436.7,3484177.64,89.14,59.71
CUST00429,416,3434.39,3487612.03,89.23,59.86
CUST00432,417,3425.06,3491037.09,89.31,60.0
CUST00781,418,3412.77,3494449.86,89.4,60.14
CUST00793,419,3401.76,3497851.62,89.49,60.29
CUST00363,420,3379.61,3501231.23,89.57,60.43
CUST00334,421,3354.85,3504586.08,89.66,60.58
CUST00299,422,3325.29,3507911.37,89.75,60.72
CUST00535,423,3309.92,3511221.29,89.83,60.86
CUST00238,424,3305.41,3514526.7,89.91,61.01
CUST00122,425,3281.25,3517807.95,90.0,61.15
CUST00433,426,3272.73,3521080.68,90.08,61.29
CUST00155,427,3255.17,3524335.85,90.17,61.44
CUST00017,428,3254.46,3527590.31,90.25,61.58
CUST00526,429,3246.65,3530836.96,90.33,61.73
CUST00199,430,3234.64,3534071.6,90.41,61.87
CUST00223,431,3228.44,3537300.04,90.5,62.01
CUST00440,432,3185.43,3540485.47,90.58,62.16
CUST00768,433,3182.7,3543668.17,90.66,62.3
CUST00773,434,3181.84,3546850.01,90.74,62.45
CUST00296,435,3112.62,3549962.63,90.82,62.59
CUST00137,436,3089.02,3553051.65,90.9,62.73
CUST00168,437,3088.82,3556140.47,90.98,62.88
CUST00785,438,3070.93,3559211.4,91.06,63.02
CUST00465,439,3063.64,3562275.04,91.14,63.17
CUST00456,440,3059.52,3565334.56,91.21,63.31
CUST00197,441,3046.3,3568380.86,91.29,63.45
CUST00646,442,3043.12,3571423.98,91.37,63.6
CUST00434,443,3025.93,3574449.91,91.45,63.74
CUST00055,444,3005.57,3577455.48,91.52,63.88
CUST00529,445,2983.79,3580439.27,91.6,64.03
CUST00283,446,2982.38,3583421.65,91.68,64.17
CUST00670,447,2931.37,3586353.02,91.75,64.32
CUST00132,448,2927.85,3589280.87,91.83,64.46
CUST00727,449,2909.53,3592190.4,91.9,64.6
CUST00678,450,2902.2,3595092.6,91.98,64.75
CUST00375,451,2894.76,3597987.36,92.05,64.89
CUST00201,452,2893.82,3600881.18,92.12,65.04
CUST00150,453,2892.47,3603773.65,92.2,65.18
CUST00446,454,2891.94,3606665.59,92.27,65.32
CUST00333,455,2880.05,3609545.64,92.35,65.47
CUST00295,456,2867.29,3612412.93,92.42,65.61
CUST00680,457,2863.29,3615276.22,92.49,65.76
CUST00144,458,2856.95,3618133.17,92.57,65.9
CUST00486,459,2852.65,3620985.82,92.64,66.04
CUST00225,460,2847.06,3623832.88,92.71,66.19
CUST00714,461,2838.86,3626671.74,92.78,66.33
CUST00519,462,2824.63,3629496.37,92.86,66.47
CUST00576,463,2796.08,3632292.45,92.93,66.62
CUST00477,464,2733.31,3635025.76,93.0,66.76
CUST00359,465,2730.86,3637756.62,93.07,66.91
CUST00373,466,2723.55,3640480.17,93.14,67.05
CUST00779,467,2721.32,3643201.49,93.21,67.19
CUST00753,468,2713.44,3645914.93,93.28,67.34
CUST00232,469,2712.25,3648627.18,93.35,67.48
CUST00470,470,2702.06,3651329.24,93.41,67.63
CUST00105,471,2672.9,3654002.14,93.48,67.77
CUST00431,472,2665.99,3656668.13,93.55,67.91
CUST00637,473,2656.11,3659324.24,93.62,68.06
CUST00719,474,2610.61,3661934.85,93.69,68.2
CUST00273,475,2592.71,3664527.56,93.75,68.35
CUST00418,476,2590.11,3667117.67,93.82,68.49
CUST00376,477,2589.54,3669707.21,93.88,68.63
CUST00685,478,2580.42,3672287.63,93.95,68.78
CUST00026,479,2580.37,3674868.0,94.02,68.92
CUST00490,480,2577.45,3677445.45,94.08,69.06
CUST00210,481,2576.0,3680021.45,94.15,69.21
CUST00027,482,2574.93,3682596.38,94.21,69.35
CUST00325,483,2572.92,3685169.3,94.28,69.5
CUST00743,484,2527.83,3687697.13,94.35,69.64
CUST00117,485,2526.46,3690223.59,94.41,69.78
CUST00765,486,2522.77,3692746.36,94.47,69.93
CUST00099,487,2496.62,3695242.98,94.54,70.07
CUST00246,488,2483.46,3697726.44,94.6,70.22
CUST00146,489,2459.12,3700185.56,94.66,70.36
CUST00131,490,2457.64,3702643.2,94.73,70.5
CUST00750,491,2429.49,3705072.69,94.79,70.65
CUST00751,492,2428.35,3707501.04,94.85,70.79
CUST00675,493,2403.45,3709904.49,94.91,70.94
CUST00172,494,2381.35,3712285.84,94.97,71.08
CUST00528,495,2381.18,3714667.02,95.04,71.22
CUST00510,496,2380.68,3717047.7,95.1,71.37
CUST00783,497,2360.02,3719407.72,95.16,71.51
CUST00682,498,2355.34,3721763.06,95.22,71.65
CUST00724,499,2337.27,3724100.33,95.28,71.8
CUST00216,500,2329.64,3726429.97,95.34,71.94
CUST00353,501,2324.07,3728754.04,95.4,72.09
CUST00399,502,2285.79,3731039.83,95.45,72.23
CUST00277,503,2254.6,3733294.43,95.51,72.37
CUST00239,504,2211.08,3735505.51,95.57,72.52
CUST00020,505,2191.22,3737696.73,95.62,72.66
CUST00442,506,2143.3,3739840.03,95.68,72.81
CUST00112,507,2133.79,3741973.82,95.73,72.95
CUST00070,508,2121.75,3744095.57,95.79,73.09
CUST00016,509,2076.92,3746172.49,95.84,73.24
CUST00076,510,2067.35,3748239.84,95.89,73.38
CUST00640,511,2041.36,3750281.2,95.95,73.53
CUST00552,512,2027.04,3752308.24,96.0,73.67
CUST00455,513,2004.26,3754312.5,96.05,73.81
CUST00641,514,2001.88,3756314.38,96.1,73.96
CUST00220,515,1998.68,3758313.06,96.15,74.1
CUST00450,516,1998.57,3760311.63,96.2,74.24
CUST00033,517,1994.07,3762305.7,96.25,74.39
CUST00415,518,1992.73,3764298.43,96.3,74.53
CUST00275,519,1980.92,3766279.35,96.36,74.68
CUST00591,520,1967.62,3768246.97,96.41,74.82
CUST00520,521,1963.38,3770210.35,96.46,74.96
CUST00194,522,1942.83,3772153.18,96.51,75.11
CUST00069,523,1940.71,3774093.89,96.56,75.25
CUST00543,524,1922.89,3776016.78,96.6,75.4
CUST00538,525,1922.77,3777939.55,96.65,75.54
CUST00545,526,1909.33,3779848.88,96.7,75.68
CUST00444,527,1908.62,3781757.5,96.75,75.83
CUST00063,528,1887.59,3783645.09,96.8,75.97
CUST00387,529,1883.43,3785528.52,96.85,76.12
CUST00379,530,1863.83,3787392.35,96.9,76.26
CUST00207,531,1838.44,3789230.79,96.94,76.4
CUST00237,532,1836.39,3791067.18,96.99,76.55
CUST00259,533,1832.84,3792900.02,97.04,76.69
CUST00523,534,1819.84,3794719.86,97.08,76.83
CUST00521,535,1811.89,3796531.75,97.13,76.98
CUST00667,536,1802.28,3798334.03,97.18,77.12
CUST00173,537,1796.68,3800130.71,97.22,77.27
CUST00557,538,1783.28,3801913.99,97.27,77.41
CUST00141,539,1771.67,3803685.66,97.31,77.55
CUST00108,540,1758.05,3805443.71,97.36,77.7
CUST00384,541,1752.7,3807196.41,97.4,77.84
CUST00312,542,1747.06,3808943.47,97.45,77.99
CUST00329,543,1698.82,3810642.29,97.49,78.13
CUST00158,544,1691.62,3812333.91,97.53,78.27
CUST00498,545,1659.59,3813993.5,97.58,78.42
CUST00500,546,1657.45,3815650.95,97.62,78.56
CUST00738,547,1634.11,3817285.06,97.66,78.71
CUST00595,548,1626.92,3818911.98,97.7,78.85
CUST00116,549,1626.27,3820538.25,97.74,78.99
CUST00475,550,1619.75,3822158.0,97.79,79.14
CUST00049,551,1618.72,3823776.72,97.83,79.28
CUST00005,552,1575.79,3825352.51,97.87,79.42
CUST00734,553,1574.95,3826927.46,97.91,79.57
CUST00261,554,1572.73,3828500.19,97.95,79.71
CUST00189,555,1571.45,3830071.64,97.99,79.86
CUST00390,556,1557.23,3831628.87,98.03,80.0
CUST00089,557,1543.19,3833172.06,98.07,80.14
CUST00218,558,1497.61,3834669.67,98.11,80.29
CUST00002,559,1459.34,3836129.01,98.14,80.43
CUST00268,560,1440.43,3837569.44,98.18,80.58
CUST00322,561,1439.43,3839008.87,98.22,80.72
CUST00796,562,1432.52,3840441.39,98.25,80.86
CUST00653,563,1423.26,3841864.65,98.29,81.01
CUST00397,564,1423.14,3843287.79,98.33,81.15
CUST00195,565,1421.08,3844708.87,98.36,81.29
CUST00722,566,1420.88,3846129.75,98.4,81.44
CUST00468,567,1404.95,3847534.7,98.43,81.58
CUST00231,568,1389.78,3848924.48,98.47,81.73
CUST00310,569,1389.56,3850314.04,98.51,81.87
CUST00254,570,1379.77,3851693.81,98.54,82.01
CUST00718,571,1379.49,3853073.3,98.58,82.16
CUST00516,572,1374.58,3854447.88,98.61,82.3
CUST00731,573,1372.99,3855820.87,98.65,82.45
CUST00639,574,1346.89,3857167.76,98.68,82.59
CUST00445,575,1314.64,3858482.4,98.71,82.73
CUST00318,576,1293.51,3859775.91,98.75,82.88
CUST00148,577,1279.65,3861055.56,98.78,83.02
CUST00008,578,1278.04,3862333.6,98.81,83.17
CUST00140,579,1276.71,3863610.31,98.85,83.31
CUST00530,580,1267.24,3864877.55,98.88,83.45
CUST00348,581,1260.11,3866137.66,98.91,83.6
CUST00488,582,1241.07,3867378.73,98.94,83.74
CUST00209,583,1213.32,3868592.05,98.97,83.88
CUST00763,584,1208.31,3869800.36,99.0,84.03
CUST00559,585,1205.72,3871006.08,99.03,84.17
CUST00294,586,1201.03,3872207.11,99.07,84.32
CUST00139,587,1191.77,3873398.88,99.1,84.46
CUST00767,588,1178.83,3874577.71,99.13,84.6
CUST00572,589,1160.55,3875738.26,99.16,84.75
CUST00149,590,1151.36,3876889.62,99.19,84.89
CUST00316,591,1140.0,3878029.62,99.21,85.04
CUST00098,592,1138.9,3879168.52,99.24,85.18
CUST00420,593,1124.56,3880293.08,99.27,85.32
CUST00539,594,1107.6,3881400.68,99.3,85.47
CUST00652,595,1074.89,3882475.57,99.33,85.61
CUST00461,596,1071.21,3883546.78,99.36,85.76
CUST00621,597,1064.15,3884610.93,99.38,85.9
CUST00473,598,1046.82,3885657.75,99.41,86.04
CUST00119,599,1044.09,3886701.84,99.44,86.19
CUST00330,600,977.76,3887679.6,99.46,86.33
CUST00542,601,948.8,3888628.4,99.49,86.47
CUST00245,602,943.83,3889572.23,99.51,86.62
CUST00632,603,907.21,3890479.44,99.53,86.76
CUST00061,604,900.94,3891380.38,99.56,86.91
CUST00369,605,896.05,3892276.43,99.58,87.05
CUST00525,606,861.83,3893138.26,99.6,87.19
CUST00736,607,853.57,3893991.83,99.62,87.34
CUST00459,608,833.36,3894825.19,99.64,87.48
CUST00074,609,830.88,3895656.07,99.67,87.63
CUST00019,610,815.75,3896471.82,99.69,87.77
CUST00213,611,790.73,3897262.55,99.71,87.91
CUST00580,612,768.06,3898030.61,99.73,88.06
CUST00127,613,757.5,3898788.11,99.75,88.2
CUST00742,614,754.8,3899542.91,99.76,88.35
CUST00079,615,740.13,3900283.04,99.78,88.49
CUST00791,616,731.84,3901014.88,99.8,88.63
CUST00606,617,729.94,3901744.82,99.82,88.78
CUST00483,618,728.17,3902472.99,99.84,88.92
CUST00642,619,725.47,3903198.46,99.86,89.06
CUST00532,620,705.01,3903903.47,99.88,89.21
CUST00697,621,683.64,3904587.11,99.89,89.35
CUST00757,622,674.2,3905261.31,99.91,89.5
CUST00511,623,669.25,3905930.56,99.93,89.64
CUST00608,624,669.06,3906599.62,99.95,89.78
CUST00725,625,646.65,3907246.27,99.96,89.93
CUST00335,626,577.59,3907823.86,99.98,90.07
CUST00083,627,573.57,3908397.43,99.99,90.22
CUST00084,628,568.97,3908966.4,100.01,90.36
CUST00331,629,531.9,3909498.3,100.02,90.5
CUST00321,630,526.65,3910024.95,100.03,90.65
CUST00662,631,517.57,3910542.52,100.05,90.79
CUST00794,632,503.82,3911046.34,100.06,90.94
CUST00093,633,484.68,3911531.02,100.07,91.08
CUST00733,634,475.87,3912006.89,100.08,91.22
CUST00192,635,463.44,3912470.33,100.1,91.37
CUST00422,636,450.31,3912920.64,100.11,91.51
CUST00492,637,446.79,3913367.43,100.12,91.65
CUST00582,638,438.1,3913805.53,100.13,91.8
CUST00702,639,434.66,3914240.19,100.14,91.94
CUST00690,640,410.95,3914651.14,100.15,92.09
CUST00404,641,402.25,3915053.39,100.16,92.23
CUST00072,642,398.54,3915451.93,100.17,92.37
CUST00406,643,380.35,3915832.28,100.18,92.52
CUST00288,644,377.72,3916210.0,100.19,92.66
CUST00300,645,377.08,3916587.08,100.2,92.81
CUST00698,646,364.69,3916951.77,100.21,92.95
CUST00634,647,363.69,3917315.46,100.22,93.09
CUST00630,648,359.64,3917675.1,100.23,93.24
CUST00045,649,350.74,3918025.84,100.24,93.38
CUST00752,650,336.44,3918362.28,100.25,93.53
CUST00339,651,287.11,3918649.39,100.25,93.67
CUST00466,652,286.77,3918936.16,100.26,93.81
CUST00555,653,270.56,3919206.72,100.27,93.96
CUST00381,654,265.39,3919472.11,100.27,94.1
CUST00289,655,257.95,3919730.06,100.28,94.24
CUST00597,656,255.54,3919985.6,100.29,94.39
CUST00305,657,237.99,3920223.59,100.29,94.53
CUST00044,658,236.71,3920460.3,100.3,94.68
CUST00080,659,216.28,3920676.58,100.31,94.82
CUST00015,660,202.88,3920879.46,100.31,94.96
CUST00593,661,200.86,3921080.32,100.32,95.11
CUST00129,662,192.03,3921272.35,100.32,95.25
CUST00579,663,182.7,3921455.05,100.33,95.4
CUST00686,664,175.75,3921630.8,100.33,95.54
CUST00657,665,172.05,3921802.85,100.33,95.68
CUST00660,666,158.19,3921961.04,100.34,95.83
CUST00303,667,140.45,3922101.49,100.34,95.97
CUST00120,668,136.67,3922238.16,100.35,96.12
CUST00537,669,132.25,3922370.41,100.35,96.26
CUST00684,670,124.56,3922494.97,100.35,96.4
CUST00036,671,120.73,3922615.7,100.36,96.55
CUST00650,672,116.65,3922732.35,100.36,96.69
CUST00313,673,116.55,3922848.9,100.36,96.83
CUST00478,674,56.64,3922905.54,100.36,96.98
CUST00285,675,55.23,3922960.77,100.36,97.12
CUST00111,676,38.31,3922999.08,100.37,97.27
CUST00024,677,36.16,3923035.24,100.37,97.41
CUST00297,678,21.67,3923056.91,100.37,97.55
CUST00317,679,18.53,3923075.44,100.37,97.7
CUST00471,680,11.57,3923087.01,100.37,97.84
CUST00214,681,10.22,3923097.23,100.37,97.99
CUST00504,682,6.61,3923103.84,100.37,98.13
CUST00417,683,-145.46,3922958.38,100.36,98.27
CUST00760,684,-178.39,3922779.99,100.36,98.42
CUST00386,685,-244.92,3922535.07,100.35,98.56
CUST00683,686,-280.38,3922254.69,100.35,98.71
CUST00393,687,-454.3,3921800.39,100.33,98.85
CUST00620,688,-577.93,3921222.46,100.32,98.99
CUST00506,689,-993.8,3920228.66,100.29,99.14
CUST00191,690,-1057.05,3919171.61,100.27,99.28
CUST00224,691,-1119.98,3918051.63,100.24,99.42
CUST00217,692,-1643.82,3916407.81,100.2,99.57
CUST00021,693,-1746.17,3914661.64,100.15,99.71
CUST00211,694,-1783.88,3912877.76,100.11,99.86
CUST00481,695,-4146.7,3908731.06,100.0,100.0
